{
  "type": "FeatureCollection",
  "generator": "overpass-turbo",
  "copyright": "The data included in this document is from www.openstreetmap.org. The data is made available under ODbL.",
  "timestamp": "2026-09-02T10:53:19Z",
  "features": [
    {
      "type": "Feature",
      "properties": {
        "@id": "relation/2806623",
        "TMC:cid_58:tabcd_1:Class": "Area",
        "TMC:cid_58:tabcd_1:LCLversion": "8.00",
        "TMC:cid_58:tabcd_1:LocationCode": "2792",
        "admin_level": "6",
        "border_type": "county",
        "boundary": "administrative",
        "de:amtlicher_gemeindeschluessel": "08435",
        "de:place": "county",
        "de:regionalschluessel": "08435",
        "license_plate_code": "FN",
        "name": "Bodenseekreis",
        "name:en": "Lake Constance district",
        "name:es": "Distrito de Bodensee",
        "name:fr": "Arrondissement du Lac de Constance",
        "name:ru": "Боденское озеро",
        "ref:nuts:3": "DE147",
        "type": "boundary",
        "wikidata": "Q8228",
        "wikipedia": "de:Bodenseekreis"
      },
      "geometry": {
        "type": "MultiPolygon",
        "coordinates": [
          [
            [
              [
                9.2262755,
                47.7223517
              ],
              [
                9.2262758,
                47.7223476
              ],
              [
                9.2262773,
                47.7223439
              ],
              [
                9.2262803,
                47.7223405
              ],
              [
                9.2262843,
                47.7223377
              ],
              [
                9.226289,
                47.7223356
              ],
              [
                9.2262945,
                47.7223345
              ],
              [
                9.2263002,
                47.7223341
              ],
              [
                9.2263061,
                47.7223347
              ],
              [
                9.2263117,
                47.7223363
              ],
              [
                9.2263164,
                47.7223388
              ],
              [
                9.2263201,
                47.722342
              ],
              [
                9.2263226,
                47.7223457
              ],
              [
                9.2263235,
                47.7223497
              ],
              [
                9.2263229,
                47.7223539
              ],
              [
                9.2263207,
                47.7223579
              ],
              [
                9.2263172,
                47.7223613
              ],
              [
                9.2263122,
                47.722364
              ],
              [
                9.2263065,
                47.7223658
              ],
              [
                9.2263004,
                47.7223665
              ],
              [
                9.2262944,
                47.7223661
              ],
              [
                9.2262886,
                47.7223647
              ],
              [
                9.2262836,
                47.7223625
              ],
              [
                9.2262795,
                47.7223594
              ],
              [
                9.2262769,
                47.7223557
              ],
              [
                9.2262755,
                47.7223517
              ]
            ]
          ],
          [
            [
              [
                9.226329,
                47.723012
              ],
              [
                9.2262452,
                47.7229678
              ],
              [
                9.2262258,
                47.7228494
              ],
              [
                9.2262574,
                47.7227799
              ],
              [
                9.2263263,
                47.7227166
              ],
              [
                9.226329,
                47.723012
              ]
            ]
          ],
          [
            [
              [
                9.0852441,
                47.7989868
              ],
              [
                9.0855566,
                47.7987138
              ],
              [
                9.0858732,
                47.7984804
              ],
              [
                9.0861621,
                47.7982962
              ],
              [
                9.0865128,
                47.7980859
              ],
              [
                9.0868508,
                47.7979005
              ],
              [
                9.0869649,
                47.797844
              ],
              [
                9.0870036,
                47.7978327
              ],
              [
                9.0870341,
                47.7978385
              ],
              [
                9.0870573,
                47.7978629
              ],
              [
                9.0870519,
                47.7978902
              ],
              [
                9.0870244,
                47.7979057
              ],
              [
                9.0869862,
                47.7979031
              ],
              [
                9.0867064,
                47.7980482
              ],
              [
                9.0859153,
                47.7985306
              ],
              [
                9.0854696,
                47.7988739
              ],
              [
                9.0853276,
                47.7990028
              ],
              [
                9.0853406,
                47.7990169
              ],
              [
                9.085333,
                47.799048
              ],
              [
                9.0852977,
                47.7990597
              ],
              [
                9.0852532,
                47.7990522
              ],
              [
                9.0852273,
                47.7990232
              ],
              [
                9.0852297,
                47.7990039
              ],
              [
                9.0852441,
                47.7989868
              ]
            ]
          ],
          [
            [
              [
                9.5105853,
                47.6360811
              ],
              [
                9.5104227,
                47.63576
              ],
              [
                9.5105056,
                47.6355385
              ],
              [
                9.5106503,
                47.6353937
              ],
              [
                9.5109368,
                47.6352677
              ],
              [
                9.511296,
                47.635215
              ],
              [
                9.5115613,
                47.6353125
              ],
              [
                9.5118145,
                47.6354874
              ],
              [
                9.5118393,
                47.6357296
              ],
              [
                9.5117942,
                47.6358602
              ],
              [
                9.5115789,
                47.6360486
              ],
              [
                9.5114332,
                47.6361317
              ],
              [
                9.5112828,
                47.6361824
              ],
              [
                9.510888,
                47.6362317
              ],
              [
                9.5107886,
                47.6362071
              ],
              [
                9.5105853,
                47.6360811
              ]
            ]
          ],
          [
            [
              [
                9.3871374,
                47.6631553
              ],
              [
                9.3869214,
                47.6631492
              ],
              [
                9.3868715,
                47.6631586
              ],
              [
                9.3868332,
                47.6632032
              ],
              [
                9.3867909,
                47.6631944
              ],
              [
                9.3867622,
                47.6631142
              ],
              [
                9.3866266,
                47.6629547
              ],
              [
                9.386701,
                47.6626191
              ],
              [
                9.3868731,
                47.6624798
              ],
              [
                9.3870438,
                47.6624269
              ],
              [
                9.3871841,
                47.6624432
              ],
              [
                9.3874667,
                47.6626137
              ],
              [
                9.3875928,
                47.6627163
              ],
              [
                9.3876803,
                47.6629233
              ],
              [
                9.3876004,
                47.6630508
              ],
              [
                9.3873717,
                47.6631372
              ],
              [
                9.3872819,
                47.6631341
              ],
              [
                9.3871374,
                47.6631553
              ]
            ]
          ],
          [
            [
              [
                9.3871884,
                47.6632198
              ],
              [
                9.3872937,
                47.6632532
              ],
              [
                9.3873908,
                47.6633954
              ],
              [
                9.3874701,
                47.6637641
              ],
              [
                9.3874682,
                47.6641469
              ],
              [
                9.3874419,
                47.6643538
              ],
              [
                9.3873907,
                47.6644427
              ],
              [
                9.3873204,
                47.6644755
              ],
              [
                9.3872543,
                47.6644377
              ],
              [
                9.3873015,
                47.6643963
              ],
              [
                9.3872851,
                47.6643754
              ],
              [
                9.3871318,
                47.6644231
              ],
              [
                9.3869055,
                47.6644207
              ],
              [
                9.3868103,
                47.6642507
              ],
              [
                9.3867976,
                47.6641173
              ],
              [
                9.3867441,
                47.6639287
              ],
              [
                9.3867302,
                47.6635765
              ],
              [
                9.3868076,
                47.663303
              ],
              [
                9.3869001,
                47.663227
              ],
              [
                9.3870303,
                47.6632069
              ],
              [
                9.3871884,
                47.6632198
              ]
            ]
          ],
          [
            [
              [
                9.1702297,
                47.8409919
              ],
              [
                9.1698069,
                47.8409206
              ],
              [
                9.1693743,
                47.8410082
              ],
              [
                9.1678185,
                47.8414768
              ],
              [
                9.1674557,
                47.8412574
              ],
              [
                9.1659394,
                47.841537
              ],
              [
                9.1659257,
                47.8415685
              ],
              [
                9.1658734,
                47.8415789
              ],
              [
                9.1658529,
                47.8419071
              ],
              [
                9.1657473,
                47.8419169
              ],
              [
                9.1657631,
                47.8421675
              ],
              [
                9.165795,
                47.84224
              ],
              [
                9.1658911,
                47.8423332
              ],
              [
                9.1661743,
                47.842513
              ],
              [
                9.1665458,
                47.842674
              ],
              [
                9.1666608,
                47.8427784
              ],
              [
                9.1667032,
                47.8429158
              ],
              [
                9.165257,
                47.8437662
              ],
              [
                9.1643207,
                47.8442555
              ],
              [
                9.1629768,
                47.8447657
              ],
              [
                9.162081,
                47.844688
              ],
              [
                9.1617605,
                47.8446378
              ],
              [
                9.1605793,
                47.8446131
              ],
              [
                9.1598217,
                47.8445565
              ],
              [
                9.1590462,
                47.8445914
              ],
              [
                9.1588988,
                47.8445903
              ],
              [
                9.1584282,
                47.8445867
              ],
              [
                9.1579394,
                47.8445404
              ],
              [
                9.1576282,
                47.8446094
              ],
              [
                9.1555715,
                47.8451865
              ],
              [
                9.154819,
                47.8448833
              ],
              [
                9.1539682,
                47.8444732
              ],
              [
                9.1533942,
                47.845084
              ],
              [
                9.1526817,
                47.8450383
              ],
              [
                9.1526015,
                47.8450331
              ],
              [
                9.1521865,
                47.845049
              ],
              [
                9.15172,
                47.8450238
              ],
              [
                9.1513963,
                47.8449523
              ],
              [
                9.1511433,
                47.844804
              ],
              [
                9.1507696,
                47.8445117
              ],
              [
                9.1504844,
                47.844463
              ],
              [
                9.150155,
                47.8441899
              ],
              [
                9.1498747,
                47.8440494
              ],
              [
                9.1494194,
                47.8440303
              ],
              [
                9.1447017,
                47.8446167
              ],
              [
                9.1414132,
                47.8450015
              ],
              [
                9.1412769,
                47.8450464
              ],
              [
                9.1404773,
                47.8456607
              ],
              [
                9.1402435,
                47.8459007
              ],
              [
                9.1399826,
                47.8463888
              ],
              [
                9.1393228,
                47.8465347
              ],
              [
                9.139108,
                47.8466866
              ],
              [
                9.1387431,
                47.8468309
              ],
              [
                9.1385955,
                47.8467242
              ],
              [
                9.1383801,
                47.8466396
              ],
              [
                9.1382004,
                47.846722
              ],
              [
                9.1381126,
                47.8467134
              ],
              [
                9.1381397,
                47.8468019
              ],
              [
                9.1380614,
                47.8469291
              ],
              [
                9.1378467,
                47.8469336
              ],
              [
                9.1378866,
                47.8468721
              ],
              [
                9.1378194,
                47.8467779
              ],
              [
                9.1376772,
                47.8467745
              ],
              [
                9.1375934,
                47.8467922
              ],
              [
                9.1375102,
                47.8468861
              ],
              [
                9.13734,
                47.8468386
              ],
              [
                9.1371663,
                47.8468379
              ],
              [
                9.1369499,
                47.8469337
              ],
              [
                9.1367467,
                47.8468987
              ],
              [
                9.1364303,
                47.846964
              ],
              [
                9.1363254,
                47.8470489
              ],
              [
                9.1362819,
                47.8471423
              ],
              [
                9.1362032,
                47.8471983
              ],
              [
                9.136105,
                47.8472225
              ],
              [
                9.1360013,
                47.8472181
              ],
              [
                9.1359284,
                47.8472701
              ],
              [
                9.1358872,
                47.8473639
              ],
              [
                9.1355282,
                47.8474754
              ],
              [
                9.1350709,
                47.8474547
              ],
              [
                9.1347369,
                47.8475923
              ],
              [
                9.1346327,
                47.8475785
              ],
              [
                9.1344196,
                47.8475047
              ],
              [
                9.1342724,
                47.847508
              ],
              [
                9.1337347,
                47.8473932
              ],
              [
                9.1335796,
                47.8473446
              ],
              [
                9.1334963,
                47.8472541
              ],
              [
                9.1333925,
                47.8471988
              ],
              [
                9.1332047,
                47.847185
              ],
              [
                9.1328852,
                47.8472228
              ],
              [
                9.1326381,
                47.8471751
              ],
              [
                9.1324382,
                47.8470601
              ],
              [
                9.1322378,
                47.8470145
              ],
              [
                9.1319918,
                47.8470148
              ],
              [
                9.1319056,
                47.8469646
              ],
              [
                9.13156,
                47.8469318
              ],
              [
                9.1311033,
                47.8470031
              ],
              [
                9.1309397,
                47.846946
              ],
              [
                9.1307312,
                47.8470349
              ],
              [
                9.1306756,
                47.8470361
              ],
              [
                9.1305283,
                47.8469263
              ],
              [
                9.1304412,
                47.846914
              ],
              [
                9.1303476,
                47.8469357
              ],
              [
                9.1300724,
                47.8469024
              ],
              [
                9.129802,
                47.8467725
              ],
              [
                9.1295439,
                47.8468764
              ],
              [
                9.1294806,
                47.8468527
              ],
              [
                9.1290869,
                47.8468451
              ],
              [
                9.1289387,
                47.8467808
              ],
              [
                9.1288405,
                47.8467384
              ],
              [
                9.1288047,
                47.8467044
              ],
              [
                9.1286739,
                47.8467302
              ],
              [
                9.1284727,
                47.8466739
              ],
              [
                9.1282032,
                47.8465542
              ],
              [
                9.128103,
                47.8465938
              ],
              [
                9.1279848,
                47.8465818
              ],
              [
                9.1279003,
                47.8465054
              ],
              [
                9.1268961,
                47.8461875
              ],
              [
                9.1267795,
                47.8461844
              ],
              [
                9.1265876,
                47.8460896
              ],
              [
                9.126421,
                47.8460552
              ],
              [
                9.125929,
                47.8460151
              ],
              [
                9.1244017,
                47.8456288
              ],
              [
                9.1220642,
                47.8448956
              ],
              [
                9.122401,
                47.8448691
              ],
              [
                9.1218043,
                47.8438181
              ],
              [
                9.1212875,
                47.8427229
              ],
              [
                9.1211407,
                47.8425647
              ],
              [
                9.1209882,
                47.8422334
              ],
              [
                9.1208467,
                47.8420658
              ],
              [
                9.1207514,
                47.8421222
              ],
              [
                9.12005,
                47.8425374
              ],
              [
                9.1198015,
                47.8426192
              ],
              [
                9.1195984,
                47.8427307
              ],
              [
                9.1195847,
                47.8427382
              ],
              [
                9.1187476,
                47.8422175
              ],
              [
                9.1175681,
                47.8416143
              ],
              [
                9.1169174,
                47.8415024
              ],
              [
                9.1167258,
                47.8415969
              ],
              [
                9.1164238,
                47.8416889
              ],
              [
                9.1162703,
                47.8417675
              ],
              [
                9.116132,
                47.8417857
              ],
              [
                9.1159893,
                47.8418514
              ],
              [
                9.1151164,
                47.8415863
              ],
              [
                9.1138417,
                47.8412882
              ],
              [
                9.1138229,
                47.8414535
              ],
              [
                9.1137783,
                47.8414441
              ],
              [
                9.1122195,
                47.8426478
              ],
              [
                9.111997,
                47.8431856
              ],
              [
                9.1119218,
                47.8438006
              ],
              [
                9.1119156,
                47.8438514
              ],
              [
                9.1117773,
                47.843996
              ],
              [
                9.10947,
                47.8445496
              ],
              [
                9.1089648,
                47.8437788
              ],
              [
                9.1088367,
                47.8434358
              ],
              [
                9.1085923,
                47.8430326
              ],
              [
                9.1075963,
                47.8419991
              ],
              [
                9.1069556,
                47.8420506
              ],
              [
                9.1062008,
                47.8418683
              ],
              [
                9.1056018,
                47.8417669
              ],
              [
                9.1049299,
                47.8416774
              ],
              [
                9.1038228,
                47.8415669
              ],
              [
                9.1034199,
                47.8414523
              ],
              [
                9.1032097,
                47.8417035
              ],
              [
                9.1028043,
                47.8418758
              ],
              [
                9.1024957,
                47.8420367
              ],
              [
                9.1021443,
                47.8424731
              ],
              [
                9.1018291,
                47.8428117
              ],
              [
                9.1013123,
                47.8436206
              ],
              [
                9.1002781,
                47.8436502
              ],
              [
                9.0990469,
                47.8439271
              ],
              [
                9.0984204,
                47.8446143
              ],
              [
                9.0983749,
                47.8458534
              ],
              [
                9.0982269,
                47.8462425
              ],
              [
                9.097801,
                47.8465577
              ],
              [
                9.0971795,
                47.8465228
              ],
              [
                9.0965928,
                47.8465418
              ],
              [
                9.0956069,
                47.8461973
              ],
              [
                9.0952517,
                47.8462321
              ],
              [
                9.094416,
                47.8466281
              ],
              [
                9.0939771,
                47.8469238
              ],
              [
                9.0926499,
                47.8481564
              ],
              [
                9.0920934,
                47.8483945
              ],
              [
                9.0919069,
                47.8489438
              ],
              [
                9.0919154,
                47.849601
              ],
              [
                9.0918333,
                47.8500345
              ],
              [
                9.0908877,
                47.8506578
              ],
              [
                9.0894192,
                47.8504175
              ],
              [
                9.0887077,
                47.8502676
              ],
              [
                9.0883797,
                47.8506879
              ],
              [
                9.0880051,
                47.8513049
              ],
              [
                9.0874855,
                47.851511
              ],
              [
                9.0875837,
                47.8518755
              ],
              [
                9.0870102,
                47.8521778
              ],
              [
                9.0867219,
                47.8525369
              ],
              [
                9.0864329,
                47.8527717
              ],
              [
                9.0863467,
                47.8531494
              ],
              [
                9.0862752,
                47.853692
              ],
              [
                9.0860138,
                47.8545404
              ],
              [
                9.0862167,
                47.8549752
              ],
              [
                9.0864338,
                47.8556393
              ],
              [
                9.0858604,
                47.8558887
              ],
              [
                9.0852087,
                47.8559252
              ],
              [
                9.0850165,
                47.857597
              ],
              [
                9.0841298,
                47.8579882
              ],
              [
                9.0836504,
                47.8576396
              ],
              [
                9.0833081,
                47.857795
              ],
              [
                9.0830488,
                47.8579547
              ],
              [
                9.0826191,
                47.857778
              ],
              [
                9.0823991,
                47.8576875
              ],
              [
                9.0823044,
                47.8576322
              ],
              [
                9.0813408,
                47.8570694
              ],
              [
                9.0807941,
                47.8578753
              ],
              [
                9.0803773,
                47.8577269
              ],
              [
                9.0799903,
                47.8581679
              ],
              [
                9.0797543,
                47.8581201
              ],
              [
                9.0796148,
                47.8581133
              ],
              [
                9.079235,
                47.8580317
              ],
              [
                9.0790962,
                47.8580278
              ],
              [
                9.0789342,
                47.8580744
              ],
              [
                9.0783467,
                47.8581078
              ],
              [
                9.0765462,
                47.8583756
              ],
              [
                9.0760239,
                47.8584269
              ],
              [
                9.0754923,
                47.8585927
              ],
              [
                9.0748381,
                47.8588866
              ],
              [
                9.0741567,
                47.8591359
              ],
              [
                9.073826,
                47.8591385
              ],
              [
                9.0733175,
                47.8592311
              ],
              [
                9.073357,
                47.859179
              ],
              [
                9.0734099,
                47.8589344
              ],
              [
                9.0725188,
                47.8587435
              ],
              [
                9.0711339,
                47.8586601
              ],
              [
                9.0701398,
                47.8585649
              ],
              [
                9.069532,
                47.8584114
              ],
              [
                9.0689903,
                47.8581633
              ],
              [
                9.0683087,
                47.8576871
              ],
              [
                9.0687365,
                47.8573983
              ],
              [
                9.0685924,
                47.8573015
              ],
              [
                9.0675596,
                47.8566079
              ],
              [
                9.0671512,
                47.8568322
              ],
              [
                9.0663683,
                47.8560919
              ],
              [
                9.0659337,
                47.8560904
              ],
              [
                9.0654381,
                47.8550813
              ],
              [
                9.0656225,
                47.8546002
              ],
              [
                9.0656748,
                47.8542016
              ],
              [
                9.0662011,
                47.8536984
              ],
              [
                9.0666426,
                47.8534235
              ],
              [
                9.0672036,
                47.8530039
              ],
              [
                9.0669238,
                47.8529731
              ],
              [
                9.0672702,
                47.8527395
              ],
              [
                9.0682888,
                47.8522321
              ],
              [
                9.0686287,
                47.8520036
              ],
              [
                9.0686659,
                47.8516681
              ],
              [
                9.0684894,
                47.8514456
              ],
              [
                9.0681473,
                47.8511093
              ],
              [
                9.0677204,
                47.8509404
              ],
              [
                9.0675428,
                47.8508936
              ],
              [
                9.0672482,
                47.8511216
              ],
              [
                9.0668754,
                47.8507732
              ],
              [
                9.0669118,
                47.8501988
              ],
              [
                9.0668605,
                47.8496078
              ],
              [
                9.0667428,
                47.8489452
              ],
              [
                9.0676471,
                47.8488501
              ],
              [
                9.0682051,
                47.8475735
              ],
              [
                9.0688093,
                47.846917
              ],
              [
                9.0696589,
                47.8465723
              ],
              [
                9.0716636,
                47.8462055
              ],
              [
                9.0720643,
                47.8454393
              ],
              [
                9.0718237,
                47.8449541
              ],
              [
                9.0712767,
                47.8441196
              ],
              [
                9.0718367,
                47.8430498
              ],
              [
                9.0712488,
                47.8429872
              ],
              [
                9.070643,
                47.8420805
              ],
              [
                9.0713518,
                47.8417703
              ],
              [
                9.0719685,
                47.8424943
              ],
              [
                9.0727431,
                47.8430186
              ],
              [
                9.0747321,
                47.8430233
              ],
              [
                9.0753309,
                47.8429286
              ],
              [
                9.0763268,
                47.8421884
              ],
              [
                9.0765444,
                47.8419051
              ],
              [
                9.0766264,
                47.8416352
              ],
              [
                9.0753659,
                47.8415473
              ],
              [
                9.0739371,
                47.8420668
              ],
              [
                9.0722123,
                47.8416488
              ],
              [
                9.071767,
                47.8408783
              ],
              [
                9.0707007,
                47.8406105
              ],
              [
                9.0704741,
                47.8400196
              ],
              [
                9.0699952,
                47.8392344
              ],
              [
                9.0698771,
                47.8381482
              ],
              [
                9.0704572,
                47.8375274
              ],
              [
                9.0707174,
                47.8367285
              ],
              [
                9.0717676,
                47.836547
              ],
              [
                9.0718635,
                47.8378405
              ],
              [
                9.0722035,
                47.8379664
              ],
              [
                9.0729761,
                47.8369294
              ],
              [
                9.0725756,
                47.8367835
              ],
              [
                9.072872,
                47.8359174
              ],
              [
                9.0725343,
                47.8357894
              ],
              [
                9.0728641,
                47.83522
              ],
              [
                9.0735831,
                47.8349125
              ],
              [
                9.0733008,
                47.8342853
              ],
              [
                9.0737193,
                47.8341884
              ],
              [
                9.0737224,
                47.8341517
              ],
              [
                9.0739038,
                47.8341436
              ],
              [
                9.0739438,
                47.8341605
              ],
              [
                9.0742915,
                47.8340952
              ],
              [
                9.0742666,
                47.8340524
              ],
              [
                9.0743001,
                47.8340279
              ],
              [
                9.0743736,
                47.8340381
              ],
              [
                9.0744429,
                47.8339786
              ],
              [
                9.0745107,
                47.8339755
              ],
              [
                9.0746736,
                47.8338369
              ],
              [
                9.0746992,
                47.8337728
              ],
              [
                9.0748301,
                47.8337247
              ],
              [
                9.0748531,
                47.8336591
              ],
              [
                9.0750562,
                47.8335393
              ],
              [
                9.0751405,
                47.8335343
              ],
              [
                9.0752329,
                47.8335598
              ],
              [
                9.0752649,
                47.8335176
              ],
              [
                9.0753419,
                47.8334902
              ],
              [
                9.0753353,
                47.8334484
              ],
              [
                9.0752524,
                47.8334321
              ],
              [
                9.0752158,
                47.833393
              ],
              [
                9.0752368,
                47.833331
              ],
              [
                9.0753124,
                47.83329
              ],
              [
                9.075284,
                47.8332592
              ],
              [
                9.0755603,
                47.8331448
              ],
              [
                9.0755221,
                47.8330764
              ],
              [
                9.0753972,
                47.8330256
              ],
              [
                9.0754742,
                47.8329103
              ],
              [
                9.075526,
                47.8328951
              ],
              [
                9.0755643,
                47.8329509
              ],
              [
                9.0756945,
                47.8329953
              ],
              [
                9.0757978,
                47.8329253
              ],
              [
                9.0757881,
                47.8328417
              ],
              [
                9.0760101,
                47.8327197
              ],
              [
                9.0761133,
                47.8327099
              ],
              [
                9.0762516,
                47.8326453
              ],
              [
                9.0763122,
                47.8326572
              ],
              [
                9.0764165,
                47.8326383
              ],
              [
                9.0766064,
                47.8325765
              ],
              [
                9.0766595,
                47.832533
              ],
              [
                9.0767426,
                47.8325598
              ],
              [
                9.0768983,
                47.8327122
              ],
              [
                9.076973,
                47.8325985
              ],
              [
                9.0770643,
                47.8325477
              ],
              [
                9.0771658,
                47.8325579
              ],
              [
                9.0772192,
                47.8325221
              ],
              [
                9.0772928,
                47.8325377
              ],
              [
                9.0773108,
                47.8325764
              ],
              [
                9.0774783,
                47.8325888
              ],
              [
                9.07754,
                47.8325314
              ],
              [
                9.0776881,
                47.8324979
              ],
              [
                9.0777595,
                47.8324399
              ],
              [
                9.0778455,
                47.8324653
              ],
              [
                9.0779498,
                47.8324367
              ],
              [
                9.0780681,
                47.8324439
              ],
              [
                9.0781394,
                47.832417
              ],
              [
                9.0783367,
                47.8324948
              ],
              [
                9.0783863,
                47.8324929
              ],
              [
                9.0786018,
                47.8324376
              ],
              [
                9.0786741,
                47.8323583
              ],
              [
                9.0789381,
                47.8323692
              ],
              [
                9.0790387,
                47.8323384
              ],
              [
                9.0790262,
                47.8321734
              ],
              [
                9.0791994,
                47.8321192
              ],
              [
                9.0791871,
                47.832064
              ],
              [
                9.0792916,
                47.8319497
              ],
              [
                9.079298,
                47.831838
              ],
              [
                9.0793926,
                47.8317481
              ],
              [
                9.0794341,
                47.8316232
              ],
              [
                9.0794763,
                47.8316081
              ],
              [
                9.0795938,
                47.8316607
              ],
              [
                9.079634,
                47.8316374
              ],
              [
                9.0795777,
                47.8315394
              ],
              [
                9.0796623,
                47.8314511
              ],
              [
                9.0795596,
                47.8313944
              ],
              [
                9.0796025,
                47.8313244
              ],
              [
                9.0795085,
                47.8312809
              ],
              [
                9.0795365,
                47.8312113
              ],
              [
                9.0797211,
                47.831108
              ],
              [
                9.0796449,
                47.8310057
              ],
              [
                9.0797871,
                47.8308543
              ],
              [
                9.0798329,
                47.8306362
              ],
              [
                9.0797922,
                47.8306068
              ],
              [
                9.0798831,
                47.8305973
              ],
              [
                9.0799179,
                47.8306239
              ],
              [
                9.0800155,
                47.8306327
              ],
              [
                9.0799971,
                47.8305684
              ],
              [
                9.0800891,
                47.8304737
              ],
              [
                9.0799701,
                47.8303705
              ],
              [
                9.0801292,
                47.8300932
              ],
              [
                9.0802106,
                47.8300308
              ],
              [
                9.0800412,
                47.829348
              ],
              [
                9.0805004,
                47.8282712
              ],
              [
                9.0806177,
                47.8276569
              ],
              [
                9.081827,
                47.8276612
              ],
              [
                9.0816789,
                47.8271937
              ],
              [
                9.0817209,
                47.8270645
              ],
              [
                9.0818519,
                47.826851
              ],
              [
                9.082112,
                47.8265699
              ],
              [
                9.0823756,
                47.8263658
              ],
              [
                9.0827466,
                47.8258956
              ],
              [
                9.0829223,
                47.8257374
              ],
              [
                9.0828539,
                47.8256914
              ],
              [
                9.0834401,
                47.8252858
              ],
              [
                9.0830434,
                47.8250457
              ],
              [
                9.0821489,
                47.82548
              ],
              [
                9.0819564,
                47.8253994
              ],
              [
                9.0817366,
                47.8255285
              ],
              [
                9.0814277,
                47.8258034
              ],
              [
                9.0812265,
                47.8259055
              ],
              [
                9.0808336,
                47.8255546
              ],
              [
                9.0806817,
                47.8252414
              ],
              [
                9.0804498,
                47.8249828
              ],
              [
                9.080268,
                47.8248564
              ],
              [
                9.0797074,
                47.8247129
              ],
              [
                9.0795188,
                47.8246413
              ],
              [
                9.0793745,
                47.8245421
              ],
              [
                9.0788764,
                47.8239027
              ],
              [
                9.0782561,
                47.823475
              ],
              [
                9.0779898,
                47.8226353
              ],
              [
                9.0780101,
                47.8223481
              ],
              [
                9.0779069,
                47.8220545
              ],
              [
                9.0776757,
                47.8215906
              ],
              [
                9.0773264,
                47.8212673
              ],
              [
                9.0768326,
                47.8208913
              ],
              [
                9.0766812,
                47.8206401
              ],
              [
                9.0765739,
                47.8203494
              ],
              [
                9.0765147,
                47.8200551
              ],
              [
                9.0765335,
                47.8196881
              ],
              [
                9.0769428,
                47.8188336
              ],
              [
                9.077167,
                47.8186205
              ],
              [
                9.077305,
                47.8185464
              ],
              [
                9.0777722,
                47.8183891
              ],
              [
                9.0778981,
                47.8183862
              ],
              [
                9.0784081,
                47.8185082
              ],
              [
                9.0791101,
                47.8188078
              ],
              [
                9.0794031,
                47.8189574
              ],
              [
                9.0805806,
                47.8192068
              ],
              [
                9.0807251,
                47.8191748
              ],
              [
                9.0809094,
                47.8189592
              ],
              [
                9.0804974,
                47.8183604
              ],
              [
                9.0803075,
                47.8179513
              ],
              [
                9.0804739,
                47.8178347
              ],
              [
                9.0803107,
                47.8177257
              ],
              [
                9.0805009,
                47.8175913
              ],
              [
                9.0802507,
                47.8173737
              ],
              [
                9.081527,
                47.8162609
              ],
              [
                9.0814189,
                47.8157988
              ],
              [
                9.0816689,
                47.8156843
              ],
              [
                9.0819424,
                47.8157462
              ],
              [
                9.082208,
                47.8154943
              ],
              [
                9.0824965,
                47.8151675
              ],
              [
                9.0827456,
                47.8149809
              ],
              [
                9.0828606,
                47.8150513
              ],
              [
                9.0832788,
                47.8147013
              ],
              [
                9.0831096,
                47.8143106
              ],
              [
                9.0824375,
                47.8132823
              ],
              [
                9.0822544,
                47.8126236
              ],
              [
                9.0810604,
                47.8127786
              ],
              [
                9.0802065,
                47.8126956
              ],
              [
                9.0801785,
                47.8122794
              ],
              [
                9.0812012,
                47.8122409
              ],
              [
                9.0812334,
                47.8117657
              ],
              [
                9.0806759,
                47.8118977
              ],
              [
                9.0801433,
                47.811808
              ],
              [
                9.0796172,
                47.81182
              ],
              [
                9.0791838,
                47.8119464
              ],
              [
                9.07843,
                47.8118013
              ],
              [
                9.0780984,
                47.8120982
              ],
              [
                9.0772172,
                47.8122801
              ],
              [
                9.0765758,
                47.8115795
              ],
              [
                9.0764608,
                47.8112676
              ],
              [
                9.0763373,
                47.8106902
              ],
              [
                9.0761391,
                47.8105176
              ],
              [
                9.0748985,
                47.8099804
              ],
              [
                9.0746425,
                47.8089729
              ],
              [
                9.074712,
                47.8085422
              ],
              [
                9.0737407,
                47.808295
              ],
              [
                9.0735106,
                47.8082676
              ],
              [
                9.0734597,
                47.808201
              ],
              [
                9.0733469,
                47.8081479
              ],
              [
                9.0731482,
                47.8081377
              ],
              [
                9.0730458,
                47.8081552
              ],
              [
                9.072984,
                47.8081907
              ],
              [
                9.0729422,
                47.808163
              ],
              [
                9.0728496,
                47.8081746
              ],
              [
                9.0727492,
                47.8081486
              ],
              [
                9.0727223,
                47.8081697
              ],
              [
                9.0726168,
                47.8081668
              ],
              [
                9.0725979,
                47.8081897
              ],
              [
                9.072547,
                47.8081891
              ],
              [
                9.0723697,
                47.8081397
              ],
              [
                9.0722241,
                47.8081466
              ],
              [
                9.0720345,
                47.8080762
              ],
              [
                9.071861,
                47.808061
              ],
              [
                9.0717965,
                47.8080334
              ],
              [
                9.0716899,
                47.8079879
              ],
              [
                9.0713835,
                47.8077993
              ],
              [
                9.0709025,
                47.8073554
              ],
              [
                9.0708562,
                47.8071019
              ],
              [
                9.0711799,
                47.8070264
              ],
              [
                9.0713851,
                47.8070092
              ],
              [
                9.0718345,
                47.8070546
              ],
              [
                9.0719974,
                47.8070025
              ],
              [
                9.0727767,
                47.806412
              ],
              [
                9.0730136,
                47.8063223
              ],
              [
                9.0735619,
                47.8063539
              ],
              [
                9.0738732,
                47.8063301
              ],
              [
                9.0740016,
                47.8062984
              ],
              [
                9.0744926,
                47.806096
              ],
              [
                9.0747361,
                47.805969
              ],
              [
                9.0754503,
                47.8054585
              ],
              [
                9.0761821,
                47.8047811
              ],
              [
                9.0769213,
                47.8042917
              ],
              [
                9.083643,
                47.8008102
              ],
              [
                9.0835685,
                47.800738
              ],
              [
                9.0837235,
                47.8006618
              ],
              [
                9.0839365,
                47.8004542
              ],
              [
                9.084339,
                47.7997647
              ],
              [
                9.0845289,
                47.7995634
              ],
              [
                9.0845668,
                47.7995444
              ],
              [
                9.0846674,
                47.7994433
              ],
              [
                9.0847027,
                47.7994481
              ],
              [
                9.0849921,
                47.7991475
              ],
              [
                9.0850561,
                47.799156
              ],
              [
                9.0850639,
                47.7992061
              ],
              [
                9.0850095,
                47.799218
              ],
              [
                9.0847843,
                47.7994616
              ],
              [
                9.0848306,
                47.799597
              ],
              [
                9.0849377,
                47.7996983
              ],
              [
                9.0851221,
                47.7997762
              ],
              [
                9.0852329,
                47.7997915
              ],
              [
                9.0854345,
                47.7997741
              ],
              [
                9.0856189,
                47.7996951
              ],
              [
                9.0865555,
                47.7989548
              ],
              [
                9.0874316,
                47.7983579
              ],
              [
                9.0874149,
                47.798089
              ],
              [
                9.0873437,
                47.7980658
              ],
              [
                9.0873713,
                47.7979622
              ],
              [
                9.087452,
                47.7978656
              ],
              [
                9.0886073,
                47.7972563
              ],
              [
                9.089322,
                47.7970487
              ],
              [
                9.0895289,
                47.7970114
              ],
              [
                9.0901463,
                47.7970312
              ],
              [
                9.0911146,
                47.796751
              ],
              [
                9.0912618,
                47.7967366
              ],
              [
                9.0914453,
                47.7967514
              ],
              [
                9.0917221,
                47.7968653
              ],
              [
                9.0920733,
                47.7968091
              ],
              [
                9.0923933,
                47.796716
              ],
              [
                9.0927723,
                47.7963417
              ],
              [
                9.0930042,
                47.7961607
              ],
              [
                9.0942218,
                47.7955941
              ],
              [
                9.0951019,
                47.7953042
              ],
              [
                9.0960602,
                47.7949255
              ],
              [
                9.096241,
                47.7947434
              ],
              [
                9.0964285,
                47.794641
              ],
              [
                9.0964835,
                47.7946344
              ],
              [
                9.0964905,
                47.79466
              ],
              [
                9.0966235,
                47.7946792
              ],
              [
                9.0969556,
                47.7945992
              ],
              [
                9.097446,
                47.7945371
              ],
              [
                9.0977682,
                47.7945319
              ],
              [
                9.0979858,
                47.7945799
              ],
              [
                9.0980145,
                47.7947642
              ],
              [
                9.0991886,
                47.7947066
              ],
              [
                9.0998328,
                47.7946184
              ],
              [
                9.1002943,
                47.7945253
              ],
              [
                9.1043318,
                47.7934787
              ],
              [
                9.1047332,
                47.7933581
              ],
              [
                9.1051862,
                47.7931819
              ],
              [
                9.1057085,
                47.7929627
              ],
              [
                9.1090612,
                47.7913958
              ],
              [
                9.1096264,
                47.7910768
              ],
              [
                9.1103057,
                47.7905393
              ],
              [
                9.1105644,
                47.7899294
              ],
              [
                9.1106164,
                47.7898525
              ],
              [
                9.1107205,
                47.7898191
              ],
              [
                9.1108215,
                47.78969
              ],
              [
                9.1108974,
                47.7895711
              ],
              [
                9.1109626,
                47.7893589
              ],
              [
                9.1110912,
                47.7892375
              ],
              [
                9.1111745,
                47.7891023
              ],
              [
                9.1111379,
                47.7890782
              ],
              [
                9.111486,
                47.7889501
              ],
              [
                9.1115102,
                47.7889651
              ],
              [
                9.1115771,
                47.7889351
              ],
              [
                9.1115495,
                47.7889163
              ],
              [
                9.1117658,
                47.7888392
              ],
              [
                9.1122351,
                47.7887889
              ],
              [
                9.1128164,
                47.7885429
              ],
              [
                9.1131265,
                47.7883956
              ],
              [
                9.1132263,
                47.7883125
              ],
              [
                9.1135875,
                47.7882035
              ],
              [
                9.1146758,
                47.7877134
              ],
              [
                9.1145859,
                47.7876344
              ],
              [
                9.1147108,
                47.7875148
              ],
              [
                9.114974,
                47.7873905
              ],
              [
                9.1149884,
                47.7874043
              ],
              [
                9.1152504,
                47.7873145
              ],
              [
                9.1155485,
                47.7873008
              ],
              [
                9.1155404,
                47.7871878
              ],
              [
                9.1159699,
                47.7870874
              ],
              [
                9.1166191,
                47.7868199
              ],
              [
                9.1166362,
                47.7868359
              ],
              [
                9.1168114,
                47.7867509
              ],
              [
                9.1167794,
                47.786721
              ],
              [
                9.117234,
                47.7864938
              ],
              [
                9.1178045,
                47.7864405
              ],
              [
                9.1178434,
                47.786477
              ],
              [
                9.1184996,
                47.7860643
              ],
              [
                9.118678,
                47.7859147
              ],
              [
                9.1188613,
                47.7855979
              ],
              [
                9.1189338,
                47.7856207
              ],
              [
                9.1192961,
                47.7850936
              ],
              [
                9.119365,
                47.7850807
              ],
              [
                9.1194161,
                47.7851141
              ],
              [
                9.1199711,
                47.7846231
              ],
              [
                9.1201354,
                47.784721
              ],
              [
                9.1201634,
                47.7846964
              ],
              [
                9.1200303,
                47.784568
              ],
              [
                9.1202403,
                47.7844317
              ],
              [
                9.1207333,
                47.7841877
              ],
              [
                9.1210215,
                47.7840942
              ],
              [
                9.1210567,
                47.7841269
              ],
              [
                9.1210999,
                47.7841058
              ],
              [
                9.1211792,
                47.7841817
              ],
              [
                9.1214681,
                47.7840034
              ],
              [
                9.1218952,
                47.7837994
              ],
              [
                9.1221781,
                47.7836977
              ],
              [
                9.1224311,
                47.7836789
              ],
              [
                9.1236801,
                47.7831789
              ],
              [
                9.1245383,
                47.7827584
              ],
              [
                9.1250462,
                47.7824644
              ],
              [
                9.1256161,
                47.7820824
              ],
              [
                9.1269855,
                47.7810422
              ],
              [
                9.1274685,
                47.7806307
              ],
              [
                9.1281091,
                47.779966
              ],
              [
                9.1286479,
                47.7792541
              ],
              [
                9.1291863,
                47.7784254
              ],
              [
                9.1291508,
                47.7783601
              ],
              [
                9.1287062,
                47.7781584
              ],
              [
                9.1285602,
                47.7780239
              ],
              [
                9.1285544,
                47.7780017
              ],
              [
                9.1285716,
                47.7779835
              ],
              [
                9.1286353,
                47.7779858
              ],
              [
                9.1288053,
                47.7781179
              ],
              [
                9.1291858,
                47.7782865
              ],
              [
                9.1292459,
                47.7782803
              ],
              [
                9.1294478,
                47.7779711
              ],
              [
                9.129422,
                47.7779287
              ],
              [
                9.1291838,
                47.7778776
              ],
              [
                9.129092,
                47.7778902
              ],
              [
                9.1289182,
                47.7779525
              ],
              [
                9.1288896,
                47.7779525
              ],
              [
                9.1288351,
                47.7779295
              ],
              [
                9.1288334,
                47.7778842
              ],
              [
                9.1288552,
                47.7778634
              ],
              [
                9.1290301,
                47.7778037
              ],
              [
                9.1291212,
                47.7777848
              ],
              [
                9.1292143,
                47.7777808
              ],
              [
                9.1293079,
                47.777784
              ],
              [
                9.1301422,
                47.7767235
              ],
              [
                9.1303916,
                47.7766781
              ],
              [
                9.1312894,
                47.7756692
              ],
              [
                9.1325548,
                47.774385
              ],
              [
                9.1327674,
                47.7742136
              ],
              [
                9.1331814,
                47.7733863
              ],
              [
                9.1332592,
                47.7733053
              ],
              [
                9.1333109,
                47.773273
              ],
              [
                9.133505,
                47.7732852
              ],
              [
                9.1331874,
                47.7731989
              ],
              [
                9.1333195,
                47.7730588
              ],
              [
                9.1334862,
                47.7729165
              ],
              [
                9.1335618,
                47.7728322
              ],
              [
                9.1336286,
                47.7727932
              ],
              [
                9.1335944,
                47.7726803
              ],
              [
                9.133593,
                47.7726024
              ],
              [
                9.1336101,
                47.7725214
              ],
              [
                9.1337003,
                47.7723787
              ],
              [
                9.1338637,
                47.7722583
              ],
              [
                9.1340986,
                47.7721804
              ],
              [
                9.1344037,
                47.7721464
              ],
              [
                9.1344428,
                47.7722741
              ],
              [
                9.1345483,
                47.7722484
              ],
              [
                9.1346718,
                47.7721866
              ],
              [
                9.135586,
                47.7716832
              ],
              [
                9.1364344,
                47.7711729
              ],
              [
                9.1368943,
                47.7708469
              ],
              [
                9.1371076,
                47.7707392
              ],
              [
                9.1374446,
                47.7706409
              ],
              [
                9.138097,
                47.770289
              ],
              [
                9.1387289,
                47.7699857
              ],
              [
                9.141658,
                47.769415
              ],
              [
                9.1418904,
                47.7692401
              ],
              [
                9.1418044,
                47.7691106
              ],
              [
                9.1430625,
                47.7688536
              ],
              [
                9.1430887,
                47.76893
              ],
              [
                9.1437308,
                47.7687476
              ],
              [
                9.1446006,
                47.7686432
              ],
              [
                9.1452528,
                47.7686
              ],
              [
                9.1456389,
                47.7686132
              ],
              [
                9.1456892,
                47.7681696
              ],
              [
                9.1458581,
                47.768146
              ],
              [
                9.1463174,
                47.768133
              ],
              [
                9.1459439,
                47.7686026
              ],
              [
                9.1459721,
                47.7686334
              ],
              [
                9.1461388,
                47.7684044
              ],
              [
                9.1462703,
                47.768304
              ],
              [
                9.1505677,
                47.7682586
              ],
              [
                9.1534165,
                47.7675167
              ],
              [
                9.1535121,
                47.7675321
              ],
              [
                9.1540435,
                47.7673077
              ],
              [
                9.1544136,
                47.7673004
              ],
              [
                9.1545663,
                47.767277
              ],
              [
                9.1553503,
                47.7671311
              ],
              [
                9.1560969,
                47.7669532
              ],
              [
                9.1564101,
                47.7669115
              ],
              [
                9.1563813,
                47.7668796
              ],
              [
                9.1564409,
                47.7668549
              ],
              [
                9.1571459,
                47.7665619
              ],
              [
                9.157147,
                47.7665471
              ],
              [
                9.1574337,
                47.7664285
              ],
              [
                9.1574445,
                47.7664405
              ],
              [
                9.1585915,
                47.7659628
              ],
              [
                9.1586047,
                47.7659753
              ],
              [
                9.1588935,
                47.7659641
              ],
              [
                9.1590335,
                47.7659564
              ],
              [
                9.159695,
                47.765681
              ],
              [
                9.1596239,
                47.7656036
              ],
              [
                9.1597277,
                47.7655598
              ],
              [
                9.1597869,
                47.7656237
              ],
              [
                9.1598765,
                47.7655864
              ],
              [
                9.159889,
                47.7656003
              ],
              [
                9.1599959,
                47.7655557
              ],
              [
                9.1599838,
                47.7655426
              ],
              [
                9.1600553,
                47.7655132
              ],
              [
                9.1600675,
                47.7655267
              ],
              [
                9.1601414,
                47.7654978
              ],
              [
                9.1601283,
                47.7654843
              ],
              [
                9.1601981,
                47.765455
              ],
              [
                9.1602108,
                47.7654683
              ],
              [
                9.1602812,
                47.7654381
              ],
              [
                9.1602705,
                47.7654254
              ],
              [
                9.1603399,
                47.7653962
              ],
              [
                9.1603517,
                47.7654092
              ],
              [
                9.1604239,
                47.7653802
              ],
              [
                9.1604112,
                47.765366
              ],
              [
                9.1607521,
                47.7652079
              ],
              [
                9.1607653,
                47.7652201
              ],
              [
                9.1610994,
                47.7650482
              ],
              [
                9.161099,
                47.7650426
              ],
              [
                9.1613942,
                47.7648631
              ],
              [
                9.1614068,
                47.7648629
              ],
              [
                9.1615844,
                47.7647398
              ],
              [
                9.161539,
                47.7647094
              ],
              [
                9.1614398,
                47.7647781
              ],
              [
                9.1613903,
                47.7647457
              ],
              [
                9.1613702,
                47.7647584
              ],
              [
                9.1613337,
                47.7647347
              ],
              [
                9.1614262,
                47.7646714
              ],
              [
                9.1614061,
                47.7646567
              ],
              [
                9.161443,
                47.7646319
              ],
              [
                9.1615127,
                47.764677
              ],
              [
                9.1615328,
                47.764663
              ],
              [
                9.1616108,
                47.7647148
              ],
              [
                9.1618503,
                47.7645399
              ],
              [
                9.1620555,
                47.7645129
              ],
              [
                9.1621653,
                47.764563
              ],
              [
                9.1621726,
                47.7644164
              ],
              [
                9.1624904,
                47.7643453
              ],
              [
                9.1625326,
                47.764313
              ],
              [
                9.1636279,
                47.7637873
              ],
              [
                9.1641579,
                47.7635336
              ],
              [
                9.1641505,
                47.7635216
              ],
              [
                9.1649701,
                47.7632099
              ],
              [
                9.1650314,
                47.7631896
              ],
              [
                9.1650881,
                47.7631779
              ],
              [
                9.1651564,
                47.7631699
              ],
              [
                9.1650746,
                47.7630877
              ],
              [
                9.1650891,
                47.7630724
              ],
              [
                9.1651179,
                47.7630727
              ],
              [
                9.1652145,
                47.7631737
              ],
              [
                9.1651092,
                47.7631871
              ],
              [
                9.1650378,
                47.7632011
              ],
              [
                9.1649674,
                47.7632243
              ],
              [
                9.1641722,
                47.7635264
              ],
              [
                9.1644424,
                47.7638095
              ],
              [
                9.1644951,
                47.7637885
              ],
              [
                9.1645134,
                47.7638094
              ],
              [
                9.1646634,
                47.7637474
              ],
              [
                9.1654892,
                47.7633811
              ],
              [
                9.1655032,
                47.7633324
              ],
              [
                9.1654859,
                47.7633231
              ],
              [
                9.1655165,
                47.7632977
              ],
              [
                9.165365,
                47.7632051
              ],
              [
                9.1653669,
                47.7631974
              ],
              [
                9.1653767,
                47.7631953
              ],
              [
                9.1655323,
                47.7632916
              ],
              [
                9.1655554,
                47.7632754
              ],
              [
                9.1664748,
                47.7628645
              ],
              [
                9.1663668,
                47.7627524
              ],
              [
                9.1663551,
                47.7627553
              ],
              [
                9.1662512,
                47.7626542
              ],
              [
                9.1662334,
                47.7626462
              ],
              [
                9.1661994,
                47.7626412
              ],
              [
                9.1661653,
                47.7626491
              ],
              [
                9.1654589,
                47.762962
              ],
              [
                9.1654354,
                47.7629818
              ],
              [
                9.1654293,
                47.7630251
              ],
              [
                9.1654307,
                47.7630589
              ],
              [
                9.1654413,
                47.7630891
              ],
              [
                9.1654495,
                47.7630899
              ],
              [
                9.1654492,
                47.7630938
              ],
              [
                9.1654273,
                47.763098
              ],
              [
                9.1654136,
                47.7630722
              ],
              [
                9.1654096,
                47.7630492
              ],
              [
                9.165411,
                47.7630237
              ],
              [
                9.1654177,
                47.762975
              ],
              [
                9.1654476,
                47.7629533
              ],
              [
                9.166154,
                47.7626395
              ],
              [
                9.1661968,
                47.7626304
              ],
              [
                9.1662392,
                47.7626338
              ],
              [
                9.1662706,
                47.7626523
              ],
              [
                9.1662977,
                47.7626744
              ],
              [
                9.1668647,
                47.7626073
              ],
              [
                9.1677931,
                47.7622332
              ],
              [
                9.1683052,
                47.761894
              ],
              [
                9.1691011,
                47.761668
              ],
              [
                9.1699314,
                47.7613017
              ],
              [
                9.1706612,
                47.7610223
              ],
              [
                9.1711601,
                47.7606742
              ],
              [
                9.1735951,
                47.7596861
              ],
              [
                9.1739833,
                47.7593922
              ],
              [
                9.1746058,
                47.7591409
              ],
              [
                9.1763174,
                47.7586839
              ],
              [
                9.1775309,
                47.7581165
              ],
              [
                9.1783611,
                47.7578754
              ],
              [
                9.1799705,
                47.7572249
              ],
              [
                9.1799756,
                47.7574498
              ],
              [
                9.1798506,
                47.7574061
              ],
              [
                9.1785997,
                47.7579358
              ],
              [
                9.1777814,
                47.7582389
              ],
              [
                9.1783567,
                47.7588127
              ],
              [
                9.1793307,
                47.7585228
              ],
              [
                9.1796661,
                47.7584618
              ],
              [
                9.1800411,
                47.7583592
              ],
              [
                9.180507,
                47.7581587
              ],
              [
                9.1805698,
                47.7580272
              ],
              [
                9.1807324,
                47.7578918
              ],
              [
                9.1817152,
                47.7574372
              ],
              [
                9.1821027,
                47.7572309
              ],
              [
                9.1820384,
                47.7572176
              ],
              [
                9.1820172,
                47.7571843
              ],
              [
                9.1821411,
                47.7572108
              ],
              [
                9.1821624,
                47.757175
              ],
              [
                9.1819798,
                47.7571365
              ],
              [
                9.1818322,
                47.7569356
              ],
              [
                9.1816367,
                47.756916
              ],
              [
                9.1813055,
                47.7569373
              ],
              [
                9.1811559,
                47.7569662
              ],
              [
                9.1810266,
                47.7569974
              ],
              [
                9.180891,
                47.7570394
              ],
              [
                9.1807058,
                47.757104
              ],
              [
                9.1804862,
                47.7571899
              ],
              [
                9.1803603,
                47.7572409
              ],
              [
                9.1803526,
                47.7572487
              ],
              [
                9.1803552,
                47.7573458
              ],
              [
                9.1803399,
                47.7573551
              ],
              [
                9.1803257,
                47.7573519
              ],
              [
                9.1803117,
                47.7573412
              ],
              [
                9.1803056,
                47.7571388
              ],
              [
                9.1810151,
                47.7568709
              ],
              [
                9.1820802,
                47.7565815
              ],
              [
                9.1825916,
                47.7565418
              ],
              [
                9.1829444,
                47.7567239
              ],
              [
                9.1829756,
                47.7567409
              ],
              [
                9.1839557,
                47.7561522
              ],
              [
                9.1840945,
                47.756291
              ],
              [
                9.1846588,
                47.7559272
              ],
              [
                9.1853296,
                47.7552628
              ],
              [
                9.1867165,
                47.7544966
              ],
              [
                9.1874992,
                47.753953
              ],
              [
                9.1875438,
                47.7539302
              ],
              [
                9.187505,
                47.753904
              ],
              [
                9.1882553,
                47.7533004
              ],
              [
                9.1885374,
                47.753191
              ],
              [
                9.1902399,
                47.752633
              ],
              [
                9.1902674,
                47.7526758
              ],
              [
                9.1904742,
                47.7525719
              ],
              [
                9.1911342,
                47.7523182
              ],
              [
                9.1914376,
                47.75226
              ],
              [
                9.192321,
                47.7511011
              ],
              [
                9.1922287,
                47.7510686
              ],
              [
                9.1924139,
                47.7509177
              ],
              [
                9.1937458,
                47.7505779
              ],
              [
                9.1956755,
                47.7506401
              ],
              [
                9.1966086,
                47.7505945
              ],
              [
                9.1972254,
                47.7506254
              ],
              [
                9.1977337,
                47.7504475
              ],
              [
                9.1979635,
                47.750288
              ],
              [
                9.1984087,
                47.7499791
              ],
              [
                9.198508,
                47.7499102
              ],
              [
                9.1986003,
                47.7498461
              ],
              [
                9.1989975,
                47.7496447
              ],
              [
                9.1995114,
                47.7495132
              ],
              [
                9.2002104,
                47.749429
              ],
              [
                9.2010172,
                47.7493653
              ],
              [
                9.2038716,
                47.7485268
              ],
              [
                9.2052697,
                47.7481987
              ],
              [
                9.2059244,
                47.7481404
              ],
              [
                9.2068071,
                47.7482628
              ],
              [
                9.2078632,
                47.7480375
              ],
              [
                9.2088657,
                47.7476694
              ],
              [
                9.2099695,
                47.7469696
              ],
              [
                9.2108203,
                47.7466759
              ],
              [
                9.2112461,
                47.7468026
              ],
              [
                9.2126831,
                47.7463822
              ],
              [
                9.2129752,
                47.746356
              ],
              [
                9.213326,
                47.7460732
              ],
              [
                9.2131283,
                47.7458688
              ],
              [
                9.2132179,
                47.7458318
              ],
              [
                9.213429,
                47.7460412
              ],
              [
                9.213836,
                47.7459131
              ],
              [
                9.2145226,
                47.7454374
              ],
              [
                9.2145606,
                47.7454476
              ],
              [
                9.21458,
                47.7455982
              ],
              [
                9.2146208,
                47.745649
              ],
              [
                9.2146837,
                47.7457008
              ],
              [
                9.2148199,
                47.7457155
              ],
              [
                9.2149494,
                47.7458497
              ],
              [
                9.2174619,
                47.7447529
              ],
              [
                9.2185071,
                47.7439557
              ],
              [
                9.2184055,
                47.7438899
              ],
              [
                9.2192735,
                47.7434062
              ],
              [
                9.2193889,
                47.7434033
              ],
              [
                9.2211432,
                47.7424173
              ],
              [
                9.2214971,
                47.7419687
              ],
              [
                9.221757,
                47.7414654
              ],
              [
                9.2219698,
                47.7412501
              ],
              [
                9.2220005,
                47.741163
              ],
              [
                9.2219622,
                47.7410677
              ],
              [
                9.222554,
                47.7410775
              ],
              [
                9.2227588,
                47.741007
              ],
              [
                9.2228765,
                47.7408294
              ],
              [
                9.2230005,
                47.7409807
              ],
              [
                9.2230242,
                47.7409733
              ],
              [
                9.2230815,
                47.7410411
              ],
              [
                9.2236035,
                47.7411251
              ],
              [
                9.2236396,
                47.7410316
              ],
              [
                9.2241415,
                47.7406184
              ],
              [
                9.2253357,
                47.7400003
              ],
              [
                9.2255724,
                47.7399628
              ],
              [
                9.2256305,
                47.7398387
              ],
              [
                9.2256478,
                47.7394096
              ],
              [
                9.2257997,
                47.7392198
              ],
              [
                9.2261392,
                47.7384439
              ],
              [
                9.2269116,
                47.7376618
              ],
              [
                9.2270103,
                47.7369243
              ],
              [
                9.2271007,
                47.7365767
              ],
              [
                9.2271073,
                47.7365472
              ],
              [
                9.2271504,
                47.7355063
              ],
              [
                9.2270705,
                47.7353645
              ],
              [
                9.2266157,
                47.7347777
              ],
              [
                9.2263677,
                47.7342957
              ],
              [
                9.2262067,
                47.7342598
              ],
              [
                9.2261731,
                47.7341758
              ],
              [
                9.2261823,
                47.734052
              ],
              [
                9.2257831,
                47.7338683
              ],
              [
                9.225717,
                47.733745
              ],
              [
                9.2256572,
                47.7334303
              ],
              [
                9.2257379,
                47.7332563
              ],
              [
                9.225721,
                47.7330527
              ],
              [
                9.2257043,
                47.7328511
              ],
              [
                9.2254008,
                47.7325272
              ],
              [
                9.2255091,
                47.732338
              ],
              [
                9.2258764,
                47.7323016
              ],
              [
                9.2258485,
                47.7322412
              ],
              [
                9.2259184,
                47.7320188
              ],
              [
                9.226114,
                47.7318429
              ],
              [
                9.2262975,
                47.7317436
              ],
              [
                9.2264602,
                47.7318956
              ],
              [
                9.2267765,
                47.7316145
              ],
              [
                9.2268888,
                47.7314788
              ],
              [
                9.2265821,
                47.7313693
              ],
              [
                9.226431,
                47.7311534
              ],
              [
                9.2266098,
                47.7308873
              ],
              [
                9.2269363,
                47.7308157
              ],
              [
                9.2269415,
                47.7307155
              ],
              [
                9.2268426,
                47.7304574
              ],
              [
                9.2268664,
                47.7302836
              ],
              [
                9.2266249,
                47.7299006
              ],
              [
                9.2267178,
                47.7298529
              ],
              [
                9.2266247,
                47.7295595
              ],
              [
                9.2266555,
                47.7292878
              ],
              [
                9.2264421,
                47.7290781
              ],
              [
                9.2261991,
                47.728672
              ],
              [
                9.2259754,
                47.7284304
              ],
              [
                9.2259746,
                47.7282087
              ],
              [
                9.2259258,
                47.7280947
              ],
              [
                9.2264134,
                47.7277612
              ],
              [
                9.226738,
                47.7274683
              ],
              [
                9.2266929,
                47.7272027
              ],
              [
                9.2268141,
                47.7268712
              ],
              [
                9.2274897,
                47.7268181
              ],
              [
                9.2280597,
                47.7267605
              ],
              [
                9.2283759,
                47.7264414
              ],
              [
                9.2287153,
                47.7262881
              ],
              [
                9.2286471,
                47.7261548
              ],
              [
                9.2285068,
                47.7258821
              ],
              [
                9.2277268,
                47.7256791
              ],
              [
                9.2279181,
                47.7252448
              ],
              [
                9.2276058,
                47.7251579
              ],
              [
                9.227507,
                47.724942
              ],
              [
                9.2276036,
                47.7244389
              ],
              [
                9.2275659,
                47.7241865
              ],
              [
                9.2274289,
                47.7239894
              ],
              [
                9.2273268,
                47.7238984
              ],
              [
                9.2271843,
                47.7238387
              ],
              [
                9.2273496,
                47.7238186
              ],
              [
                9.2274666,
                47.7237054
              ],
              [
                9.2275327,
                47.723587
              ],
              [
                9.2268606,
                47.7233322
              ],
              [
                9.2267335,
                47.7233803
              ],
              [
                9.2265122,
                47.7235231
              ],
              [
                9.2264631,
                47.7232172
              ],
              [
                9.2265302,
                47.7231559
              ],
              [
                9.2266318,
                47.7231919
              ],
              [
                9.2268763,
                47.7229194
              ],
              [
                9.22869,
                47.7236142
              ],
              [
                9.2293766,
                47.7234016
              ],
              [
                9.2296847,
                47.7229311
              ],
              [
                9.2295118,
                47.7228123
              ],
              [
                9.2295476,
                47.722624
              ],
              [
                9.2293167,
                47.7226119
              ],
              [
                9.2288045,
                47.7225284
              ],
              [
                9.2277306,
                47.7223906
              ],
              [
                9.227569,
                47.7223551
              ],
              [
                9.2274165,
                47.7222764
              ],
              [
                9.2273438,
                47.722182
              ],
              [
                9.2273374,
                47.722059
              ],
              [
                9.2273926,
                47.7219638
              ],
              [
                9.2275032,
                47.7218942
              ],
              [
                9.2275956,
                47.7218664
              ],
              [
                9.2277808,
                47.721859
              ],
              [
                9.2282383,
                47.7220091
              ],
              [
                9.2291998,
                47.722212
              ],
              [
                9.2291915,
                47.7220901
              ],
              [
                9.2292567,
                47.7219904
              ],
              [
                9.2292499,
                47.7219305
              ],
              [
                9.2292993,
                47.7219151
              ],
              [
                9.2293967,
                47.7217506
              ],
              [
                9.2296138,
                47.7216949
              ],
              [
                9.2297372,
                47.7214866
              ],
              [
                9.2297014,
                47.7214774
              ],
              [
                9.2298842,
                47.7211467
              ],
              [
                9.2298998,
                47.7211506
              ],
              [
                9.2299826,
                47.7209564
              ],
              [
                9.2299678,
                47.7209999
              ],
              [
                9.2301372,
                47.7210336
              ],
              [
                9.2302635,
                47.7207359
              ],
              [
                9.2301192,
                47.720708
              ],
              [
                9.2301012,
                47.7206855
              ],
              [
                9.2302495,
                47.7203429
              ],
              [
                9.2305059,
                47.7203997
              ],
              [
                9.2305577,
                47.7202965
              ],
              [
                9.2302947,
                47.7202374
              ],
              [
                9.2304158,
                47.719931
              ],
              [
                9.2305964,
                47.719967
              ],
              [
                9.2306154,
                47.7199238
              ],
              [
                9.2307425,
                47.7199425
              ],
              [
                9.2307805,
                47.7198573
              ],
              [
                9.2309257,
                47.7198413
              ],
              [
                9.2309954,
                47.719803
              ],
              [
                9.2313933,
                47.7193276
              ],
              [
                9.2322688,
                47.7184276
              ],
              [
                9.2331279,
                47.7174798
              ],
              [
                9.2337038,
                47.7170144
              ],
              [
                9.2342447,
                47.7165381
              ],
              [
                9.2348346,
                47.7162567
              ],
              [
                9.2352648,
                47.7160239
              ],
              [
                9.2356242,
                47.7156523
              ],
              [
                9.2358822,
                47.7152644
              ],
              [
                9.2362094,
                47.7149116
              ],
              [
                9.2361449,
                47.7148881
              ],
              [
                9.2362942,
                47.7147112
              ],
              [
                9.2369638,
                47.7140437
              ],
              [
                9.237047,
                47.713874
              ],
              [
                9.2371947,
                47.7136599
              ],
              [
                9.2375106,
                47.7131998
              ],
              [
                9.2377769,
                47.7124257
              ],
              [
                9.2379083,
                47.7121476
              ],
              [
                9.2380763,
                47.7117883
              ],
              [
                9.2382106,
                47.7114954
              ],
              [
                9.238376,
                47.7113511
              ],
              [
                9.2384873,
                47.7112365
              ],
              [
                9.2386663,
                47.711131
              ],
              [
                9.2389198,
                47.7110163
              ],
              [
                9.2392439,
                47.7107893
              ],
              [
                9.239289,
                47.7107564
              ],
              [
                9.2396152,
                47.7105188
              ],
              [
                9.2400879,
                47.7101795
              ],
              [
                9.2404187,
                47.7099343
              ],
              [
                9.2412965,
                47.7093359
              ],
              [
                9.2413649,
                47.7092564
              ],
              [
                9.2412393,
                47.7091804
              ],
              [
                9.2417175,
                47.7088709
              ],
              [
                9.2421615,
                47.7085685
              ],
              [
                9.2422801,
                47.7084858
              ],
              [
                9.2424994,
                47.7083514
              ],
              [
                9.2426353,
                47.7084443
              ],
              [
                9.2429498,
                47.7082493
              ],
              [
                9.243637,
                47.7077422
              ],
              [
                9.2441293,
                47.7074237
              ],
              [
                9.2444903,
                47.7071872
              ],
              [
                9.2450935,
                47.7068029
              ],
              [
                9.2457517,
                47.7063729
              ],
              [
                9.24625,
                47.7060508
              ],
              [
                9.2467684,
                47.7057255
              ],
              [
                9.2469905,
                47.7055736
              ],
              [
                9.2474139,
                47.7052881
              ],
              [
                9.2479877,
                47.7048835
              ],
              [
                9.2484679,
                47.7045496
              ],
              [
                9.2491831,
                47.7040587
              ],
              [
                9.2495585,
                47.7038178
              ],
              [
                9.2501757,
                47.7033826
              ],
              [
                9.2507679,
                47.7029715
              ],
              [
                9.2511558,
                47.7027285
              ],
              [
                9.2515843,
                47.7024697
              ],
              [
                9.252013,
                47.7021927
              ],
              [
                9.2524859,
                47.7018998
              ],
              [
                9.2529962,
                47.7015682
              ],
              [
                9.2534248,
                47.7013209
              ],
              [
                9.2538738,
                47.7010325
              ],
              [
                9.2545371,
                47.7006193
              ],
              [
                9.2551696,
                47.7002631
              ],
              [
                9.2558259,
                47.6998749
              ],
              [
                9.2558737,
                47.6998469
              ],
              [
                9.2564931,
                47.6993609
              ],
              [
                9.2571012,
                47.6991257
              ],
              [
                9.2573679,
                47.6989706
              ],
              [
                9.2583111,
                47.6984355
              ],
              [
                9.2592643,
                47.6980054
              ],
              [
                9.2600953,
                47.6976211
              ],
              [
                9.2605843,
                47.6973206
              ],
              [
                9.2612059,
                47.6971776
              ],
              [
                9.261586,
                47.697103
              ],
              [
                9.2620813,
                47.696798
              ],
              [
                9.262517,
                47.6966375
              ],
              [
                9.2634567,
                47.6961545
              ],
              [
                9.2638415,
                47.6958736
              ],
              [
                9.2644094,
                47.6954213
              ],
              [
                9.2645099,
                47.6953413
              ],
              [
                9.2649621,
                47.6949941
              ],
              [
                9.2646866,
                47.6947772
              ],
              [
                9.2644838,
                47.6946176
              ],
              [
                9.2652606,
                47.6941675
              ],
              [
                9.2654773,
                47.6940776
              ],
              [
                9.265469,
                47.6940149
              ],
              [
                9.265498,
                47.6939751
              ],
              [
                9.2655745,
                47.6939485
              ],
              [
                9.2656434,
                47.6939729
              ],
              [
                9.2665845,
                47.693859
              ],
              [
                9.2667387,
                47.6938177
              ],
              [
                9.2673521,
                47.6936516
              ],
              [
                9.2674266,
                47.6937551
              ],
              [
                9.2675684,
                47.6937469
              ],
              [
                9.2681331,
                47.6936555
              ],
              [
                9.2681397,
                47.6935986
              ],
              [
                9.2687517,
                47.6935163
              ],
              [
                9.2690284,
                47.6933455
              ],
              [
                9.2689165,
                47.6932159
              ],
              [
                9.269487,
                47.69284
              ],
              [
                9.2708666,
                47.6923432
              ],
              [
                9.2709364,
                47.692318
              ],
              [
                9.2711613,
                47.6921446
              ],
              [
                9.271365,
                47.6919877
              ],
              [
                9.271581,
                47.6918522
              ],
              [
                9.2717092,
                47.6917285
              ],
              [
                9.271905,
                47.6915955
              ],
              [
                9.2721649,
                47.691474
              ],
              [
                9.2721818,
                47.6914167
              ],
              [
                9.2722121,
                47.6913755
              ],
              [
                9.2722729,
                47.6913548
              ],
              [
                9.2723439,
                47.6913662
              ],
              [
                9.2727579,
                47.6914363
              ],
              [
                9.2730115,
                47.6915002
              ],
              [
                9.2732303,
                47.6915944
              ],
              [
                9.2734581,
                47.691751
              ],
              [
                9.2735527,
                47.6918279
              ],
              [
                9.2741983,
                47.6916923
              ],
              [
                9.2748776,
                47.6915143
              ],
              [
                9.2750711,
                47.69143
              ],
              [
                9.2752417,
                47.6912881
              ],
              [
                9.2754144,
                47.6910687
              ],
              [
                9.2755116,
                47.6907861
              ],
              [
                9.2758339,
                47.69043
              ],
              [
                9.2759421,
                47.6904456
              ],
              [
                9.2763029,
                47.690248
              ],
              [
                9.2766731,
                47.6900535
              ],
              [
                9.2770297,
                47.6899416
              ],
              [
                9.2775226,
                47.6898421
              ],
              [
                9.2778558,
                47.6897683
              ],
              [
                9.2780622,
                47.6896948
              ],
              [
                9.2793173,
                47.688889
              ],
              [
                9.2795331,
                47.6888187
              ],
              [
                9.2795941,
                47.6888058
              ],
              [
                9.2795749,
                47.6887392
              ],
              [
                9.2796169,
                47.6886725
              ],
              [
                9.2797671,
                47.6886531
              ],
              [
                9.2800299,
                47.6885795
              ],
              [
                9.2803534,
                47.6884486
              ],
              [
                9.2807797,
                47.6881969
              ],
              [
                9.2812192,
                47.6877992
              ],
              [
                9.2815093,
                47.6875573
              ],
              [
                9.2817107,
                47.6874331
              ],
              [
                9.2818979,
                47.6873057
              ],
              [
                9.2820288,
                47.6871753
              ],
              [
                9.28253,
                47.6868853
              ],
              [
                9.2829191,
                47.686713
              ],
              [
                9.283313,
                47.6865661
              ],
              [
                9.2833835,
                47.6865628
              ],
              [
                9.2833977,
                47.6865913
              ],
              [
                9.2833791,
                47.6866231
              ],
              [
                9.2828821,
                47.6868147
              ],
              [
                9.2824836,
                47.6869965
              ],
              [
                9.2821932,
                47.6871686
              ],
              [
                9.2825477,
                47.6875389
              ],
              [
                9.282529,
                47.6875612
              ],
              [
                9.2825573,
                47.6875833
              ],
              [
                9.2825995,
                47.6875642
              ],
              [
                9.2828295,
                47.6875224
              ],
              [
                9.2829192,
                47.6875919
              ],
              [
                9.2836387,
                47.687253
              ],
              [
                9.283955,
                47.6871039
              ],
              [
                9.2841282,
                47.6869798
              ],
              [
                9.2841557,
                47.6868623
              ],
              [
                9.284132,
                47.6868157
              ],
              [
                9.2840845,
                47.6867229
              ],
              [
                9.2839478,
                47.6866343
              ],
              [
                9.2838348,
                47.6866092
              ],
              [
                9.2837078,
                47.6865842
              ],
              [
                9.283675,
                47.6866001
              ],
              [
                9.2836326,
                47.686578
              ],
              [
                9.2837306,
                47.6864413
              ],
              [
                9.2838853,
                47.6863902
              ],
              [
                9.2840399,
                47.686301
              ],
              [
                9.2850814,
                47.6859938
              ],
              [
                9.2852971,
                47.6859139
              ],
              [
                9.2856667,
                47.6856243
              ],
              [
                9.2859573,
                47.6854871
              ],
              [
                9.2863689,
                47.6851339
              ],
              [
                9.2866209,
                47.684816
              ],
              [
                9.2867102,
                47.6848316
              ],
              [
                9.2867668,
                47.6848727
              ],
              [
                9.2871768,
                47.6847494
              ],
              [
                9.2872031,
                47.6847415
              ],
              [
                9.2877558,
                47.6844228
              ],
              [
                9.2878992,
                47.6842783
              ],
              [
                9.2885738,
                47.6835015
              ],
              [
                9.288553,
                47.6834785
              ],
              [
                9.2884872,
                47.6834084
              ],
              [
                9.2884694,
                47.6833584
              ],
              [
                9.2884784,
                47.6832855
              ],
              [
                9.2886351,
                47.6831709
              ],
              [
                9.2896554,
                47.6823844
              ],
              [
                9.2897266,
                47.6823703
              ],
              [
                9.289812,
                47.6823993
              ],
              [
                9.28985,
                47.6824354
              ],
              [
                9.2898438,
                47.6824719
              ],
              [
                9.2898034,
                47.6824949
              ],
              [
                9.289766,
                47.6824974
              ],
              [
                9.2896843,
                47.6824843
              ],
              [
                9.2887392,
                47.6832314
              ],
              [
                9.2891853,
                47.6834879
              ],
              [
                9.2902263,
                47.6827713
              ],
              [
                9.2899959,
                47.6825956
              ],
              [
                9.2900401,
                47.6825669
              ],
              [
                9.2901928,
                47.6826631
              ],
              [
                9.2908233,
                47.6826015
              ],
              [
                9.2910299,
                47.6824471
              ],
              [
                9.2914174,
                47.6822785
              ],
              [
                9.291586,
                47.6822052
              ],
              [
                9.2920678,
                47.6819819
              ],
              [
                9.293729,
                47.681402
              ],
              [
                9.295885,
                47.6809266
              ],
              [
                9.2962555,
                47.6807526
              ],
              [
                9.2966749,
                47.6805604
              ],
              [
                9.297405,
                47.6801424
              ],
              [
                9.2984383,
                47.6796584
              ],
              [
                9.2988375,
                47.6794385
              ],
              [
                9.3019678,
                47.6783483
              ],
              [
                9.3019982,
                47.6783363
              ],
              [
                9.3026929,
                47.6781025
              ],
              [
                9.3035313,
                47.6772903
              ],
              [
                9.3036518,
                47.6772599
              ],
              [
                9.3042547,
                47.6771371
              ],
              [
                9.3056745,
                47.6768656
              ],
              [
                9.3062542,
                47.6766886
              ],
              [
                9.3081073,
                47.6754592
              ],
              [
                9.3095624,
                47.674741
              ],
              [
                9.3102412,
                47.6744231
              ],
              [
                9.3106485,
                47.6742799
              ],
              [
                9.3106923,
                47.6742812
              ],
              [
                9.3113524,
                47.6740404
              ],
              [
                9.3119384,
                47.6738456
              ],
              [
                9.3127138,
                47.673563
              ],
              [
                9.3132439,
                47.6736291
              ],
              [
                9.3142605,
                47.673463
              ],
              [
                9.3143356,
                47.6735244
              ],
              [
                9.3141478,
                47.6736815
              ],
              [
                9.3141586,
                47.6737592
              ],
              [
                9.3150271,
                47.6739091
              ],
              [
                9.3154097,
                47.6738629
              ],
              [
                9.3156219,
                47.673791
              ],
              [
                9.3158405,
                47.6736917
              ],
              [
                9.3162001,
                47.6735002
              ],
              [
                9.3164568,
                47.673332
              ],
              [
                9.3167136,
                47.6731639
              ],
              [
                9.3167646,
                47.6732419
              ],
              [
                9.3173957,
                47.6732473
              ],
              [
                9.3177568,
                47.6731998
              ],
              [
                9.3177758,
                47.6732433
              ],
              [
                9.3178871,
                47.6732198
              ],
              [
                9.3179045,
                47.6732473
              ],
              [
                9.3180208,
                47.673247
              ],
              [
                9.3181942,
                47.6732235
              ],
              [
                9.318875,
                47.6731314
              ],
              [
                9.3189112,
                47.673193
              ],
              [
                9.3191667,
                47.6731564
              ],
              [
                9.3191693,
                47.673156
              ],
              [
                9.3191796,
                47.6731721
              ],
              [
                9.3192889,
                47.6731418
              ],
              [
                9.319313,
                47.6731787
              ],
              [
                9.3195246,
                47.6731042
              ],
              [
                9.3195449,
                47.6730718
              ],
              [
                9.3194484,
                47.6729427
              ],
              [
                9.3194893,
                47.6729241
              ],
              [
                9.3194891,
                47.6728872
              ],
              [
                9.3195469,
                47.6728362
              ],
              [
                9.3196015,
                47.6728176
              ],
              [
                9.319622,
                47.6728175
              ],
              [
                9.3198336,
                47.6727361
              ],
              [
                9.3199633,
                47.6727011
              ],
              [
                9.3200931,
                47.6726822
              ],
              [
                9.3202777,
                47.6726748
              ],
              [
                9.3204521,
                47.6726766
              ],
              [
                9.320589,
                47.6726924
              ],
              [
                9.3207533,
                47.6727127
              ],
              [
                9.3208773,
                47.6728556
              ],
              [
                9.3214833,
                47.672892
              ],
              [
                9.3222153,
                47.6725087
              ],
              [
                9.3234981,
                47.6726206
              ],
              [
                9.325082,
                47.6721195
              ],
              [
                9.3257125,
                47.6718781
              ],
              [
                9.3263525,
                47.6715543
              ],
              [
                9.326975,
                47.6711391
              ],
              [
                9.3277086,
                47.6705864
              ],
              [
                9.3280831,
                47.6702984
              ],
              [
                9.3281835,
                47.6702212
              ],
              [
                9.3282004,
                47.6702083
              ],
              [
                9.3287653,
                47.6697751
              ],
              [
                9.3291012,
                47.6694846
              ],
              [
                9.3293132,
                47.6693404
              ],
              [
                9.3299056,
                47.6691041
              ],
              [
                9.3303686,
                47.6687141
              ],
              [
                9.3307376,
                47.6685861
              ],
              [
                9.3311884,
                47.6682658
              ],
              [
                9.3319987,
                47.6674078
              ],
              [
                9.3327337,
                47.6667904
              ],
              [
                9.3328348,
                47.6667654
              ],
              [
                9.3329803,
                47.6668789
              ],
              [
                9.3329856,
                47.6669239
              ],
              [
                9.3327066,
                47.6671022
              ],
              [
                9.3322146,
                47.6675405
              ],
              [
                9.3319075,
                47.6678986
              ],
              [
                9.3318987,
                47.6679693
              ],
              [
                9.3320353,
                47.6681056
              ],
              [
                9.332092,
                47.6681105
              ],
              [
                9.3321585,
                47.6680895
              ],
              [
                9.3351364,
                47.6668343
              ],
              [
                9.3352423,
                47.6668237
              ],
              [
                9.3352733,
                47.6668561
              ],
              [
                9.3353137,
                47.6668389
              ],
              [
                9.3351022,
                47.6666086
              ],
              [
                9.3343958,
                47.6666429
              ],
              [
                9.3339235,
                47.6666908
              ],
              [
                9.3334987,
                47.6667619
              ],
              [
                9.3332159,
                47.6668356
              ],
              [
                9.3331318,
                47.6667864
              ],
              [
                9.3330956,
                47.6667345
              ],
              [
                9.3330908,
                47.6666822
              ],
              [
                9.3331375,
                47.6666531
              ],
              [
                9.3334149,
                47.6665903
              ],
              [
                9.3343894,
                47.6664562
              ],
              [
                9.3349326,
                47.6664265
              ],
              [
                9.3352854,
                47.6663737
              ],
              [
                9.33573,
                47.6663751
              ],
              [
                9.3362034,
                47.6663415
              ],
              [
                9.3384026,
                47.6654731
              ],
              [
                9.3389065,
                47.6651832
              ],
              [
                9.3412188,
                47.6642049
              ],
              [
                9.342246,
                47.6636155
              ],
              [
                9.3424197,
                47.6635189
              ],
              [
                9.3425535,
                47.6634447
              ],
              [
                9.3451623,
                47.6625962
              ],
              [
                9.3461508,
                47.6619728
              ],
              [
                9.3472222,
                47.6618843
              ],
              [
                9.3491038,
                47.6611243
              ],
              [
                9.3498029,
                47.6609073
              ],
              [
                9.3507535,
                47.6609933
              ],
              [
                9.3526777,
                47.6607104
              ],
              [
                9.3539294,
                47.6607956
              ],
              [
                9.3554447,
                47.6606268
              ],
              [
                9.3561023,
                47.660338
              ],
              [
                9.3568582,
                47.6602497
              ],
              [
                9.3571173,
                47.6603232
              ],
              [
                9.3581247,
                47.6613377
              ],
              [
                9.3591336,
                47.6617734
              ],
              [
                9.3599697,
                47.6618908
              ],
              [
                9.3611265,
                47.6617009
              ],
              [
                9.3615454,
                47.6618399
              ],
              [
                9.3616422,
                47.6619069
              ],
              [
                9.361716,
                47.6618202
              ],
              [
                9.3621435,
                47.6620042
              ],
              [
                9.3627121,
                47.6623536
              ],
              [
                9.362509,
                47.6624379
              ],
              [
                9.3627196,
                47.662536
              ],
              [
                9.3627781,
                47.6624859
              ],
              [
                9.3630864,
                47.6626095
              ],
              [
                9.3632978,
                47.662673
              ],
              [
                9.3637156,
                47.6627637
              ],
              [
                9.3647598,
                47.6632351
              ],
              [
                9.3650452,
                47.6633376
              ],
              [
                9.3653139,
                47.6633908
              ],
              [
                9.3655074,
                47.6634097
              ],
              [
                9.3656942,
                47.6633985
              ],
              [
                9.3661202,
                47.6633302
              ],
              [
                9.3662201,
                47.6632987
              ],
              [
                9.3664242,
                47.6631827
              ],
              [
                9.3665831,
                47.6630323
              ],
              [
                9.3666035,
                47.662949
              ],
              [
                9.3666931,
                47.6628288
              ],
              [
                9.3667459,
                47.6624645
              ],
              [
                9.3667353,
                47.6622711
              ],
              [
                9.3667748,
                47.6622052
              ],
              [
                9.3669981,
                47.6620959
              ],
              [
                9.3672276,
                47.6620469
              ],
              [
                9.3673328,
                47.6620577
              ],
              [
                9.3673906,
                47.662087
              ],
              [
                9.3674632,
                47.6620805
              ],
              [
                9.3675481,
                47.6621271
              ],
              [
                9.3675946,
                47.6622025
              ],
              [
                9.3675898,
                47.662319
              ],
              [
                9.3673291,
                47.6631139
              ],
              [
                9.3673056,
                47.663153
              ],
              [
                9.36729,
                47.6631504
              ],
              [
                9.3673167,
                47.6633951
              ],
              [
                9.3673735,
                47.6635973
              ],
              [
                9.3673407,
                47.6636445
              ],
              [
                9.3674404,
                47.663799
              ],
              [
                9.3675293,
                47.6638152
              ],
              [
                9.3679736,
                47.6637849
              ],
              [
                9.3681026,
                47.6637385
              ],
              [
                9.368222,
                47.6636741
              ],
              [
                9.368351,
                47.6635566
              ],
              [
                9.3684729,
                47.6632887
              ],
              [
                9.3684845,
                47.6631856
              ],
              [
                9.3684531,
                47.6630696
              ],
              [
                9.3684129,
                47.6630039
              ],
              [
                9.3683551,
                47.6629555
              ],
              [
                9.3682523,
                47.6629036
              ],
              [
                9.3678449,
                47.6627669
              ],
              [
                9.3677994,
                47.6627303
              ],
              [
                9.367796,
                47.6626826
              ],
              [
                9.3678292,
                47.6626458
              ],
              [
                9.3678787,
                47.6626261
              ],
              [
                9.3679329,
                47.6626251
              ],
              [
                9.3679935,
                47.6626486
              ],
              [
                9.3680887,
                47.6627167
              ],
              [
                9.3682971,
                47.6627608
              ],
              [
                9.3684116,
                47.6628116
              ],
              [
                9.3685504,
                47.6629066
              ],
              [
                9.3686548,
                47.6630469
              ],
              [
                9.3687001,
                47.663169
              ],
              [
                9.3687158,
                47.6633053
              ],
              [
                9.3686919,
                47.6634106
              ],
              [
                9.3686112,
                47.6635695
              ],
              [
                9.3685185,
                47.6636962
              ],
              [
                9.3683584,
                47.66383
              ],
              [
                9.3682294,
                47.6638893
              ],
              [
                9.3678401,
                47.6639874
              ],
              [
                9.3677572,
                47.6640455
              ],
              [
                9.3677251,
                47.6641167
              ],
              [
                9.3677231,
                47.6641763
              ],
              [
                9.3677676,
                47.6642776
              ],
              [
                9.3687404,
                47.664941
              ],
              [
                9.3700874,
                47.6653195
              ],
              [
                9.3705505,
                47.6653376
              ],
              [
                9.3706868,
                47.6652967
              ],
              [
                9.3708823,
                47.6651073
              ],
              [
                9.3717999,
                47.6649774
              ],
              [
                9.3727013,
                47.6656266
              ],
              [
                9.373617,
                47.6656963
              ],
              [
                9.3738849,
                47.6659049
              ],
              [
                9.3744635,
                47.6658259
              ],
              [
                9.3760913,
                47.6648175
              ],
              [
                9.3771467,
                47.6649273
              ],
              [
                9.377428,
                47.6652937
              ],
              [
                9.3787535,
                47.6647574
              ],
              [
                9.379594,
                47.665083
              ],
              [
                9.3803709,
                47.6648918
              ],
              [
                9.3823686,
                47.6655517
              ],
              [
                9.3855052,
                47.6653272
              ],
              [
                9.3856536,
                47.6653016
              ],
              [
                9.3857349,
                47.6654161
              ],
              [
                9.3860295,
                47.6655558
              ],
              [
                9.3867157,
                47.6654409
              ],
              [
                9.3867642,
                47.6653381
              ],
              [
                9.3868381,
                47.6653646
              ],
              [
                9.3869441,
                47.6653464
              ],
              [
                9.3870983,
                47.6652784
              ],
              [
                9.387132,
                47.6651171
              ],
              [
                9.387015,
                47.6648634
              ],
              [
                9.3869449,
                47.6647896
              ],
              [
                9.3869189,
                47.6647121
              ],
              [
                9.3870193,
                47.6645589
              ],
              [
                9.3871647,
                47.6645343
              ],
              [
                9.3872399,
                47.6645051
              ],
              [
                9.3873029,
                47.664516
              ],
              [
                9.3874476,
                47.6646219
              ],
              [
                9.3875738,
                47.6647706
              ],
              [
                9.3876884,
                47.6651971
              ],
              [
                9.3877422,
                47.6652978
              ],
              [
                9.3876989,
                47.6654877
              ],
              [
                9.3876339,
                47.66552
              ],
              [
                9.3876581,
                47.6656355
              ],
              [
                9.3879595,
                47.6662764
              ],
              [
                9.3880881,
                47.6664214
              ],
              [
                9.3881459,
                47.6665912
              ],
              [
                9.3882194,
                47.6666951
              ],
              [
                9.3880934,
                47.6667605
              ],
              [
                9.3881674,
                47.6668011
              ],
              [
                9.3882613,
                47.6667496
              ],
              [
                9.3885001,
                47.6667095
              ],
              [
                9.3886362,
                47.6667949
              ],
              [
                9.3889836,
                47.666912
              ],
              [
                9.3894274,
                47.6670903
              ],
              [
                9.390106,
                47.6672983
              ],
              [
                9.3905534,
                47.6673696
              ],
              [
                9.3913022,
                47.6674528
              ],
              [
                9.3921999,
                47.6674826
              ],
              [
                9.3924145,
                47.6675774
              ],
              [
                9.3924736,
                47.6676418
              ],
              [
                9.3925397,
                47.6676365
              ],
              [
                9.3926056,
                47.6676311
              ],
              [
                9.392757,
                47.6680998
              ],
              [
                9.3930068,
                47.6678079
              ],
              [
                9.3930522,
                47.6676271
              ],
              [
                9.393179,
                47.6675263
              ],
              [
                9.3933694,
                47.6675093
              ],
              [
                9.3949115,
                47.6674911
              ],
              [
                9.3959034,
                47.6677301
              ],
              [
                9.3964765,
                47.6679291
              ],
              [
                9.3970187,
                47.668229
              ],
              [
                9.3973722,
                47.6682324
              ],
              [
                9.3979439,
                47.6683185
              ],
              [
                9.398453,
                47.6684165
              ],
              [
                9.39975,
                47.6682059
              ],
              [
                9.4011831,
                47.6678324
              ],
              [
                9.4013883,
                47.6678385
              ],
              [
                9.4036247,
                47.6681587
              ],
              [
                9.404106,
                47.6683666
              ],
              [
                9.4073456,
                47.6681691
              ],
              [
                9.4089947,
                47.6672263
              ],
              [
                9.4090168,
                47.6672258
              ],
              [
                9.4089586,
                47.6671898
              ],
              [
                9.4088055,
                47.6670432
              ],
              [
                9.4090927,
                47.6669566
              ],
              [
                9.4092984,
                47.6669094
              ],
              [
                9.4093619,
                47.6669574
              ],
              [
                9.4094356,
                47.6670744
              ],
              [
                9.40941,
                47.6670821
              ],
              [
                9.409344,
                47.6669773
              ],
              [
                9.4092757,
                47.6669823
              ],
              [
                9.4091606,
                47.6670102
              ],
              [
                9.4088964,
                47.6670916
              ],
              [
                9.4088972,
                47.6671065
              ],
              [
                9.4089736,
                47.6671816
              ],
              [
                9.4090451,
                47.6672251
              ],
              [
                9.4097118,
                47.6672099
              ],
              [
                9.4097468,
                47.6671102
              ],
              [
                9.4098134,
                47.6670929
              ],
              [
                9.4098738,
                47.6671293
              ],
              [
                9.4103329,
                47.6671395
              ],
              [
                9.4103317,
                47.6671809
              ],
              [
                9.4109771,
                47.66718
              ],
              [
                9.4127412,
                47.6670229
              ],
              [
                9.4158869,
                47.666829
              ],
              [
                9.4184302,
                47.666548
              ],
              [
                9.4201981,
                47.6657532
              ],
              [
                9.4205863,
                47.6656847
              ],
              [
                9.4217207,
                47.6652579
              ],
              [
                9.4229184,
                47.6644763
              ],
              [
                9.4232654,
                47.6640784
              ],
              [
                9.4232936,
                47.6639828
              ],
              [
                9.4234304,
                47.6638363
              ],
              [
                9.4239443,
                47.663504
              ],
              [
                9.4244249,
                47.6631396
              ],
              [
                9.4245582,
                47.6631031
              ],
              [
                9.4250223,
                47.6628139
              ],
              [
                9.425346,
                47.6626331
              ],
              [
                9.4256493,
                47.6623314
              ],
              [
                9.4259108,
                47.6621673
              ],
              [
                9.4268085,
                47.6617806
              ],
              [
                9.4268372,
                47.6617841
              ],
              [
                9.4270016,
                47.6616834
              ],
              [
                9.4271455,
                47.661794
              ],
              [
                9.4272295,
                47.6617422
              ],
              [
                9.427374,
                47.6618479
              ],
              [
                9.428068,
                47.6614424
              ],
              [
                9.4280347,
                47.6614177
              ],
              [
                9.4281042,
                47.6613744
              ],
              [
                9.4281568,
                47.6614137
              ],
              [
                9.4282129,
                47.6613839
              ],
              [
                9.428282,
                47.6613719
              ],
              [
                9.4283988,
                47.6613976
              ],
              [
                9.429355,
                47.6606484
              ],
              [
                9.4294603,
                47.6606171
              ],
              [
                9.4297803,
                47.6603043
              ],
              [
                9.4327779,
                47.6580414
              ],
              [
                9.4327599,
                47.6580194
              ],
              [
                9.4328001,
                47.6579088
              ],
              [
                9.432903,
                47.6577757
              ],
              [
                9.4331796,
                47.6575521
              ],
              [
                9.4333414,
                47.6574543
              ],
              [
                9.4335273,
                47.6573785
              ],
              [
                9.4341146,
                47.6571932
              ],
              [
                9.4342235,
                47.6571658
              ],
              [
                9.4342566,
                47.6571966
              ],
              [
                9.4375127,
                47.6563242
              ],
              [
                9.4409693,
                47.6569752
              ],
              [
                9.4427186,
                47.6570503
              ],
              [
                9.4438393,
                47.6572317
              ],
              [
                9.447088,
                47.6559731
              ],
              [
                9.4495372,
                47.6554579
              ],
              [
                9.4512122,
                47.6551908
              ],
              [
                9.4539847,
                47.6541643
              ],
              [
                9.4550029,
                47.6536978
              ],
              [
                9.4558136,
                47.6528517
              ],
              [
                9.456041,
                47.6523421
              ],
              [
                9.4565368,
                47.6517556
              ],
              [
                9.4585774,
                47.6522235
              ],
              [
                9.459683,
                47.6519565
              ],
              [
                9.4610867,
                47.650819
              ],
              [
                9.4617372,
                47.6500698
              ],
              [
                9.4624114,
                47.6493516
              ],
              [
                9.4624562,
                47.6493633
              ],
              [
                9.4627326,
                47.6486039
              ],
              [
                9.4626836,
                47.6485877
              ],
              [
                9.462689,
                47.6485684
              ],
              [
                9.4626577,
                47.6485645
              ],
              [
                9.4626616,
                47.6485379
              ],
              [
                9.462607,
                47.6484946
              ],
              [
                9.462735,
                47.6484214
              ],
              [
                9.462861,
                47.6485199
              ],
              [
                9.4645664,
                47.6484245
              ],
              [
                9.4647666,
                47.6483986
              ],
              [
                9.4648958,
                47.6483607
              ],
              [
                9.4649912,
                47.6483293
              ],
              [
                9.4651447,
                47.6482385
              ],
              [
                9.4653379,
                47.6485098
              ],
              [
                9.4653487,
                47.6487782
              ],
              [
                9.465397,
                47.6488535
              ],
              [
                9.4667968,
                47.6496518
              ],
              [
                9.4668105,
                47.6496386
              ],
              [
                9.4668577,
                47.6496391
              ],
              [
                9.4668793,
                47.6496041
              ],
              [
                9.4669978,
                47.6495121
              ],
              [
                9.4670455,
                47.649486
              ],
              [
                9.4670758,
                47.6494914
              ],
              [
                9.4670882,
                47.6495108
              ],
              [
                9.4670574,
                47.6495466
              ],
              [
                9.4669398,
                47.6496393
              ],
              [
                9.4668919,
                47.6496591
              ],
              [
                9.4668995,
                47.6496905
              ],
              [
                9.4668837,
                47.6497008
              ],
              [
                9.4669055,
                47.6497131
              ],
              [
                9.4670654,
                47.6496125
              ],
              [
                9.4670995,
                47.6496311
              ],
              [
                9.4671971,
                47.6496146
              ],
              [
                9.4676567,
                47.6497402
              ],
              [
                9.4684,
                47.6500125
              ],
              [
                9.4706341,
                47.6506102
              ],
              [
                9.4706481,
                47.6506279
              ],
              [
                9.4706099,
                47.6506486
              ],
              [
                9.4704818,
                47.6507917
              ],
              [
                9.4703027,
                47.6510415
              ],
              [
                9.4703944,
                47.6510574
              ],
              [
                9.4704534,
                47.6510899
              ],
              [
                9.4704952,
                47.6511474
              ],
              [
                9.470497,
                47.6511988
              ],
              [
                9.4709348,
                47.6512688
              ],
              [
                9.4713786,
                47.6513186
              ],
              [
                9.4721636,
                47.6513567
              ],
              [
                9.4726838,
                47.6513461
              ],
              [
                9.4731725,
                47.6513051
              ],
              [
                9.4731816,
                47.6512595
              ],
              [
                9.4732455,
                47.6512257
              ],
              [
                9.4733132,
                47.6512308
              ],
              [
                9.4737094,
                47.651198
              ],
              [
                9.4745634,
                47.6510949
              ],
              [
                9.474993,
                47.6510271
              ],
              [
                9.4758201,
                47.6508528
              ],
              [
                9.4761555,
                47.650745
              ],
              [
                9.4764946,
                47.6505958
              ],
              [
                9.4766854,
                47.6504942
              ],
              [
                9.477263,
                47.6501357
              ],
              [
                9.4773665,
                47.6502244
              ],
              [
                9.4778235,
                47.6500057
              ],
              [
                9.478097,
                47.6498479
              ],
              [
                9.4784124,
                47.6496366
              ],
              [
                9.4784014,
                47.6495502
              ],
              [
                9.4783478,
                47.6494556
              ],
              [
                9.4783693,
                47.6494044
              ],
              [
                9.4787761,
                47.6492806
              ],
              [
                9.479034,
                47.64914
              ],
              [
                9.4791486,
                47.6491083
              ],
              [
                9.4795232,
                47.6490578
              ],
              [
                9.4797704,
                47.649045
              ],
              [
                9.4797694,
                47.6490253
              ],
              [
                9.4801293,
                47.6490179
              ],
              [
                9.4801302,
                47.6490377
              ],
              [
                9.4805224,
                47.6490347
              ],
              [
                9.4807511,
                47.6490796
              ],
              [
                9.4813265,
                47.6493115
              ],
              [
                9.4820921,
                47.6486597
              ],
              [
                9.4820862,
                47.6486256
              ],
              [
                9.4821218,
                47.6485953
              ],
              [
                9.4821794,
                47.6485911
              ],
              [
                9.4822242,
                47.6486152
              ],
              [
                9.482231,
                47.6486536
              ],
              [
                9.482196,
                47.6486842
              ],
              [
                9.4821376,
                47.648689
              ],
              [
                9.4818367,
                47.6489453
              ],
              [
                9.4818957,
                47.6489768
              ],
              [
                9.4813367,
                47.6494471
              ],
              [
                9.4830081,
                47.6503456
              ],
              [
                9.4835154,
                47.6499132
              ],
              [
                9.4835615,
                47.6499116
              ],
              [
                9.4837452,
                47.6500098
              ],
              [
                9.4837502,
                47.6500296
              ],
              [
                9.4832299,
                47.6504722
              ],
              [
                9.4844415,
                47.6511194
              ],
              [
                9.4851191,
                47.6505404
              ],
              [
                9.4851636,
                47.6505642
              ],
              [
                9.4844859,
                47.6511432
              ],
              [
                9.4846071,
                47.6512078
              ],
              [
                9.4852694,
                47.6506495
              ],
              [
                9.4853023,
                47.6506671
              ],
              [
                9.4846352,
                47.6512229
              ],
              [
                9.4850638,
                47.6514493
              ],
              [
                9.4856096,
                47.6517376
              ],
              [
                9.485949,
                47.6519203
              ],
              [
                9.4870066,
                47.6510139
              ],
              [
                9.4826931,
                47.6487051
              ],
              [
                9.4826937,
                47.6486819
              ],
              [
                9.4827199,
                47.6486821
              ],
              [
                9.4828275,
                47.64874
              ],
              [
                9.4829058,
                47.6487005
              ],
              [
                9.4830208,
                47.6487309
              ],
              [
                9.4833855,
                47.6489103
              ],
              [
                9.4853402,
                47.6499962
              ],
              [
                9.4864734,
                47.6505622
              ],
              [
                9.4872135,
                47.6509587
              ],
              [
                9.4874039,
                47.6510373
              ],
              [
                9.4873896,
                47.6511909
              ],
              [
                9.4875408,
                47.6512526
              ],
              [
                9.4875847,
                47.6512686
              ],
              [
                9.4876569,
                47.6512948
              ],
              [
                9.4878029,
                47.651323
              ],
              [
                9.4879249,
                47.6513308
              ],
              [
                9.4881037,
                47.6513129
              ],
              [
                9.4884369,
                47.6512453
              ],
              [
                9.4891644,
                47.6511073
              ],
              [
                9.4897607,
                47.6510072
              ],
              [
                9.4899034,
                47.6509734
              ],
              [
                9.4906386,
                47.650799
              ],
              [
                9.4914593,
                47.6506223
              ],
              [
                9.4915749,
                47.6507563
              ],
              [
                9.4916257,
                47.6508037
              ],
              [
                9.4916549,
                47.6508311
              ],
              [
                9.4917715,
                47.6508825
              ],
              [
                9.4921253,
                47.6507708
              ],
              [
                9.4928246,
                47.6505009
              ],
              [
                9.4930998,
                47.650411
              ],
              [
                9.4936667,
                47.6502619
              ],
              [
                9.494963,
                47.6496588
              ],
              [
                9.4955985,
                47.6490502
              ],
              [
                9.4968527,
                47.6482864
              ],
              [
                9.4981892,
                47.6470231
              ],
              [
                9.4987861,
                47.6468016
              ],
              [
                9.5007746,
                47.6465477
              ],
              [
                9.5017116,
                47.6464422
              ],
              [
                9.5016108,
                47.6467897
              ],
              [
                9.5017916,
                47.6468082
              ],
              [
                9.5021462,
                47.6470236
              ],
              [
                9.50238,
                47.6468642
              ],
              [
                9.5024191,
                47.6468286
              ],
              [
                9.5024512,
                47.6467817
              ],
              [
                9.5024809,
                47.646741
              ],
              [
                9.5025099,
                47.646648
              ],
              [
                9.5025257,
                47.6465813
              ],
              [
                9.5025126,
                47.6464476
              ],
              [
                9.5025943,
                47.6461179
              ],
              [
                9.5029645,
                47.6455704
              ],
              [
                9.5034065,
                47.6450291
              ],
              [
                9.5034282,
                47.6448497
              ],
              [
                9.5037601,
                47.6443343
              ],
              [
                9.503907,
                47.6442341
              ],
              [
                9.5040931,
                47.6442093
              ],
              [
                9.5043983,
                47.6436617
              ],
              [
                9.5042977,
                47.6435902
              ],
              [
                9.5041984,
                47.6435613
              ],
              [
                9.5041805,
                47.6434965
              ],
              [
                9.5041722,
                47.643397
              ],
              [
                9.5041482,
                47.6433226
              ],
              [
                9.504101,
                47.6432216
              ],
              [
                9.5042071,
                47.6430418
              ],
              [
                9.5042764,
                47.6429835
              ],
              [
                9.5043309,
                47.6429037
              ],
              [
                9.5044483,
                47.642851
              ],
              [
                9.5046691,
                47.6428157
              ],
              [
                9.5051117,
                47.6425452
              ],
              [
                9.5051696,
                47.6425751
              ],
              [
                9.5055826,
                47.6423276
              ],
              [
                9.5053863,
                47.641904
              ],
              [
                9.5053856,
                47.6418268
              ],
              [
                9.5054161,
                47.6417635
              ],
              [
                9.5056546,
                47.6417238
              ],
              [
                9.5058109,
                47.6417828
              ],
              [
                9.5064387,
                47.6417379
              ],
              [
                9.506506,
                47.641713
              ],
              [
                9.5065471,
                47.6416778
              ],
              [
                9.5067767,
                47.6412522
              ],
              [
                9.5066928,
                47.6411754
              ],
              [
                9.5066872,
                47.6411333
              ],
              [
                9.5067076,
                47.6410946
              ],
              [
                9.5075848,
                47.6410732
              ],
              [
                9.507647,
                47.6410554
              ],
              [
                9.5078579,
                47.6408544
              ],
              [
                9.5079307,
                47.6408716
              ],
              [
                9.5081627,
                47.6406952
              ],
              [
                9.5082753,
                47.6405333
              ],
              [
                9.5082748,
                47.6404807
              ],
              [
                9.5082106,
                47.6402844
              ],
              [
                9.5081079,
                47.640064
              ],
              [
                9.5080195,
                47.6398467
              ],
              [
                9.5080499,
                47.6397659
              ],
              [
                9.5081376,
                47.6397128
              ],
              [
                9.5082308,
                47.6396913
              ],
              [
                9.5087396,
                47.6396961
              ],
              [
                9.5090562,
                47.6396842
              ],
              [
                9.5091392,
                47.6396803
              ],
              [
                9.509222,
                47.6396589
              ],
              [
                9.5092423,
                47.6396097
              ],
              [
                9.5093859,
                47.6394195
              ],
              [
                9.5095095,
                47.6393208
              ],
              [
                9.509675,
                47.6392534
              ],
              [
                9.5097941,
                47.6392178
              ],
              [
                9.5098612,
                47.6391789
              ],
              [
                9.5098917,
                47.639112
              ],
              [
                9.5099017,
                47.6390734
              ],
              [
                9.5099431,
                47.6390592
              ],
              [
                9.5100521,
                47.6390587
              ],
              [
                9.5101139,
                47.6390128
              ],
              [
                9.5101551,
                47.6389776
              ],
              [
                9.5101496,
                47.638953
              ],
              [
                9.5101161,
                47.638934
              ],
              [
                9.5100458,
                47.638943
              ],
              [
                9.5099362,
                47.6388838
              ],
              [
                9.5098988,
                47.6387787
              ],
              [
                9.5098872,
                47.6386489
              ],
              [
                9.5097807,
                47.6383687
              ],
              [
                9.5097791,
                47.6382073
              ],
              [
                9.5099648,
                47.6380942
              ],
              [
                9.510001,
                47.63808
              ],
              [
                9.5100373,
                47.6380798
              ],
              [
                9.510048,
                47.6381043
              ],
              [
                9.5100487,
                47.6381815
              ],
              [
                9.5100906,
                47.6382234
              ],
              [
                9.5102522,
                47.6382788
              ],
              [
                9.5103041,
                47.6382821
              ],
              [
                9.5104865,
                47.638355
              ],
              [
                9.5105748,
                47.6383652
              ],
              [
                9.5106626,
                47.6383087
              ],
              [
                9.5108572,
                47.6380376
              ],
              [
                9.511052,
                47.6377991
              ],
              [
                9.5107178,
                47.637688
              ],
              [
                9.5113898,
                47.6373791
              ],
              [
                9.5126947,
                47.6370796
              ],
              [
                9.5138,
                47.6363562
              ],
              [
                9.514205,
                47.6357787
              ],
              [
                9.5154149,
                47.6350535
              ],
              [
                9.5155895,
                47.634734
              ],
              [
                9.5156611,
                47.6343624
              ],
              [
                9.5159425,
                47.6341924
              ],
              [
                9.5163422,
                47.6341191
              ],
              [
                9.5164624,
                47.6338788
              ],
              [
                9.5166111,
                47.6336983
              ],
              [
                9.5168689,
                47.6331219
              ],
              [
                9.5174483,
                47.6324874
              ],
              [
                9.5176857,
                47.6316738
              ],
              [
                9.5177053,
                47.631535
              ],
              [
                9.5176295,
                47.6312286
              ],
              [
                9.5175132,
                47.6310744
              ],
              [
                9.516526,
                47.630555
              ],
              [
                9.5163958,
                47.6304005
              ],
              [
                9.5163106,
                47.6302192
              ],
              [
                9.516152,
                47.6300536
              ],
              [
                9.5159787,
                47.6297264
              ],
              [
                9.5157717,
                47.6294619
              ],
              [
                9.5156733,
                47.6290858
              ],
              [
                9.5156602,
                47.628561
              ],
              [
                9.5157754,
                47.6282937
              ],
              [
                9.5160929,
                47.6278232
              ],
              [
                9.5165018,
                47.6274452
              ],
              [
                9.5165642,
                47.6273369
              ],
              [
                9.5166316,
                47.627103
              ],
              [
                9.5165781,
                47.626951
              ],
              [
                9.516557,
                47.6265388
              ],
              [
                9.5167515,
                47.6262606
              ],
              [
                9.516783,
                47.6261586
              ],
              [
                9.5169931,
                47.6258793
              ],
              [
                9.5169585,
                47.6257722
              ],
              [
                9.5169534,
                47.6255517
              ],
              [
                9.5170975,
                47.625081
              ],
              [
                9.5175637,
                47.6251119
              ],
              [
                9.5175149,
                47.6249957
              ],
              [
                9.5170794,
                47.6249674
              ],
              [
                9.5170432,
                47.6245019
              ],
              [
                9.5170907,
                47.6237979
              ],
              [
                9.5171844,
                47.6234212
              ],
              [
                9.5171737,
                47.623195
              ],
              [
                9.517315,
                47.6228582
              ],
              [
                9.5180712,
                47.623002
              ],
              [
                9.5179645,
                47.6226287
              ],
              [
                9.5180781,
                47.6220483
              ],
              [
                9.5186801,
                47.621303
              ],
              [
                9.5187066,
                47.6210246
              ],
              [
                9.5181546,
                47.620872
              ],
              [
                9.5182994,
                47.6206503
              ],
              [
                9.5185777,
                47.6202896
              ],
              [
                9.5191247,
                47.6199907
              ],
              [
                9.5192259,
                47.6198692
              ],
              [
                9.5195354,
                47.6196357
              ],
              [
                9.5203587,
                47.6187054
              ],
              [
                9.5203019,
                47.6185721
              ],
              [
                9.5203405,
                47.6184429
              ],
              [
                9.5205038,
                47.6182379
              ],
              [
                9.5206712,
                47.6179009
              ],
              [
                9.5209117,
                47.617615
              ],
              [
                9.5212344,
                47.6177326
              ],
              [
                9.5218371,
                47.6167374
              ],
              [
                9.5240171,
                47.6155018
              ],
              [
                9.5248787,
                47.6155223
              ],
              [
                9.5274995,
                47.615716
              ],
              [
                9.5276935,
                47.6155699
              ],
              [
                9.5279979,
                47.615339
              ],
              [
                9.5274885,
                47.6151936
              ],
              [
                9.5273266,
                47.6149625
              ],
              [
                9.527641,
                47.6138641
              ],
              [
                9.5266297,
                47.6137741
              ],
              [
                9.5264762,
                47.6137604
              ],
              [
                9.5269285,
                47.6127034
              ],
              [
                9.5270673,
                47.6125347
              ],
              [
                9.5275344,
                47.6125871
              ],
              [
                9.5274117,
                47.6120782
              ],
              [
                9.5274931,
                47.6117476
              ],
              [
                9.5275314,
                47.6116027
              ],
              [
                9.5276202,
                47.6112666
              ],
              [
                9.5276591,
                47.61097
              ],
              [
                9.5276963,
                47.6106869
              ],
              [
                9.5277806,
                47.6100381
              ],
              [
                9.5278739,
                47.6093464
              ],
              [
                9.5279702,
                47.6085553
              ],
              [
                9.5279108,
                47.6080978
              ],
              [
                9.5278133,
                47.6073828
              ],
              [
                9.5277397,
                47.6069609
              ],
              [
                9.5279609,
                47.606564
              ],
              [
                9.5282507,
                47.6060236
              ],
              [
                9.5285823,
                47.6053818
              ],
              [
                9.5287481,
                47.605075
              ],
              [
                9.5289103,
                47.6043081
              ],
              [
                9.5289972,
                47.6038736
              ],
              [
                9.5293409,
                47.6035106
              ],
              [
                9.5293515,
                47.6034987
              ],
              [
                9.5296248,
                47.6031958
              ],
              [
                9.5297642,
                47.6030147
              ],
              [
                9.52995,
                47.6028341
              ],
              [
                9.5301167,
                47.6027197
              ],
              [
                9.5304284,
                47.6025746
              ],
              [
                9.5308243,
                47.60238
              ],
              [
                9.5308757,
                47.6023683
              ],
              [
                9.5309021,
                47.6024002
              ],
              [
                9.5310452,
                47.6023408
              ],
              [
                9.5319864,
                47.6023367
              ],
              [
                9.5322305,
                47.6023358
              ],
              [
                9.5325671,
                47.6021151
              ],
              [
                9.5330427,
                47.6018271
              ],
              [
                9.5333239,
                47.6016328
              ],
              [
                9.5335422,
                47.6013635
              ],
              [
                9.5337382,
                47.6010434
              ],
              [
                9.5339102,
                47.6007418
              ],
              [
                9.5340521,
                47.6005735
              ],
              [
                9.5341997,
                47.600396
              ],
              [
                9.5343776,
                47.6001905
              ],
              [
                9.5345379,
                47.6000068
              ],
              [
                9.5346881,
                47.5998236
              ],
              [
                9.5347097,
                47.599799
              ],
              [
                9.5347633,
                47.5997419
              ],
              [
                9.5348394,
                47.5996722
              ],
              [
                9.5351299,
                47.5994264
              ],
              [
                9.5352755,
                47.5992961
              ],
              [
                9.5353785,
                47.5992098
              ],
              [
                9.5355083,
                47.599125
              ],
              [
                9.535671,
                47.5990185
              ],
              [
                9.5357523,
                47.5989676
              ],
              [
                9.5359938,
                47.5988146
              ],
              [
                9.5361271,
                47.5987265
              ],
              [
                9.5362521,
                47.5986474
              ],
              [
                9.5363363,
                47.5985464
              ],
              [
                9.5364074,
                47.5984079
              ],
              [
                9.5366081,
                47.5980579
              ],
              [
                9.5365784,
                47.5978791
              ],
              [
                9.5364973,
                47.5977673
              ],
              [
                9.5364313,
                47.5976672
              ],
              [
                9.5363115,
                47.5975796
              ],
              [
                9.536032,
                47.5974007
              ],
              [
                9.5360111,
                47.5973476
              ],
              [
                9.5361137,
                47.5972661
              ],
              [
                9.5358553,
                47.597101
              ],
              [
                9.5363912,
                47.5967568
              ],
              [
                9.5365003,
                47.5968133
              ],
              [
                9.5364863,
                47.5968763
              ],
              [
                9.5366001,
                47.5969332
              ],
              [
                9.5367726,
                47.5970286
              ],
              [
                9.5368306,
                47.5970606
              ],
              [
                9.5368501,
                47.597073
              ],
              [
                9.5370207,
                47.5971813
              ],
              [
                9.5370792,
                47.5972082
              ],
              [
                9.5371393,
                47.5972358
              ],
              [
                9.537305,
                47.5972628
              ],
              [
                9.537447,
                47.5972579
              ],
              [
                9.5376191,
                47.5972231
              ],
              [
                9.5378486,
                47.59717
              ],
              [
                9.5380341,
                47.5971123
              ],
              [
                9.5381622,
                47.5970503
              ],
              [
                9.5382666,
                47.5969906
              ],
              [
                9.538381,
                47.5969149
              ],
              [
                9.5385324,
                47.5967934
              ],
              [
                9.5386737,
                47.5966834
              ],
              [
                9.5388249,
                47.5965549
              ],
              [
                9.5389561,
                47.5964494
              ],
              [
                9.5390571,
                47.5963761
              ],
              [
                9.539121,
                47.596328
              ],
              [
                9.5391396,
                47.5961515
              ],
              [
                9.5391465,
                47.5960856
              ],
              [
                9.5392711,
                47.5960213
              ],
              [
                9.5392523,
                47.5956945
              ],
              [
                9.5392451,
                47.5956373
              ],
              [
                9.5391652,
                47.5952742
              ],
              [
                9.539075,
                47.594895
              ],
              [
                9.5390575,
                47.5948174
              ],
              [
                9.53905,
                47.5946939
              ],
              [
                9.5390459,
                47.5945637
              ],
              [
                9.5390659,
                47.5945202
              ],
              [
                9.5391227,
                47.5944195
              ],
              [
                9.5390785,
                47.5943602
              ],
              [
                9.539149,
                47.5943006
              ],
              [
                9.5392199,
                47.5942753
              ],
              [
                9.5392603,
                47.5942638
              ],
              [
                9.5393618,
                47.5942658
              ],
              [
                9.5394335,
                47.5943821
              ],
              [
                9.5393086,
                47.5944213
              ],
              [
                9.5391974,
                47.5944627
              ],
              [
                9.5391604,
                47.5944857
              ],
              [
                9.53912,
                47.5945292
              ],
              [
                9.5391102,
                47.5945704
              ],
              [
                9.5391141,
                47.594655
              ],
              [
                9.539118,
                47.5947463
              ],
              [
                9.5391286,
                47.5948057
              ],
              [
                9.5391391,
                47.5948743
              ],
              [
                9.5392837,
                47.595369
              ],
              [
                9.5393901,
                47.5953648
              ],
              [
                9.5393884,
                47.5962554
              ],
              [
                9.5394568,
                47.5963142
              ],
              [
                9.5395467,
                47.5963433
              ],
              [
                9.5396407,
                47.5963473
              ],
              [
                9.5399744,
                47.5962851
              ],
              [
                9.540103,
                47.596252
              ],
              [
                9.5402008,
                47.5962028
              ],
              [
                9.5401388,
                47.5961247
              ],
              [
                9.5398486,
                47.5959576
              ],
              [
                9.5397895,
                47.5959475
              ],
              [
                9.5396082,
                47.5959513
              ],
              [
                9.5396008,
                47.5959602
              ],
              [
                9.5395937,
                47.5959038
              ],
              [
                9.5397474,
                47.5958901
              ],
              [
                9.5402865,
                47.5958629
              ],
              [
                9.5407521,
                47.5957053
              ],
              [
                9.5407938,
                47.5956649
              ],
              [
                9.5408146,
                47.5955502
              ],
              [
                9.5408031,
                47.5955487
              ],
              [
                9.5407472,
                47.5955416
              ],
              [
                9.5407425,
                47.5955543
              ],
              [
                9.5401176,
                47.5955014
              ],
              [
                9.5397222,
                47.5954686
              ],
              [
                9.5397162,
                47.5952603
              ],
              [
                9.5397206,
                47.5952513
              ],
              [
                9.5397449,
                47.5952219
              ],
              [
                9.5397798,
                47.5951995
              ],
              [
                9.5398239,
                47.5952085
              ],
              [
                9.5398508,
                47.5952198
              ],
              [
                9.5399118,
                47.5952266
              ],
              [
                9.5399997,
                47.59524
              ],
              [
                9.5400776,
                47.5952627
              ],
              [
                9.5401419,
                47.595274
              ],
              [
                9.5403109,
                47.5952872
              ],
              [
                9.5405645,
                47.5953003
              ],
              [
                9.5407909,
                47.5952997
              ],
              [
                9.541014,
                47.5953059
              ],
              [
                9.5411762,
                47.5952941
              ],
              [
                9.541335,
                47.5952799
              ],
              [
                9.5414295,
                47.5952706
              ],
              [
                9.5415275,
                47.5952657
              ],
              [
                9.5416997,
                47.5952402
              ],
              [
                9.5418751,
                47.595194
              ],
              [
                9.5419999,
                47.595164
              ],
              [
                9.5420911,
                47.5951386
              ],
              [
                9.5422091,
                47.595104
              ],
              [
                9.5423543,
                47.5950579
              ],
              [
                9.5425666,
                47.5949842
              ],
              [
                9.5427587,
                47.5948901
              ],
              [
                9.5429305,
                47.5947959
              ],
              [
                9.543109,
                47.5946971
              ],
              [
                9.5433074,
                47.594548
              ],
              [
                9.5434386,
                47.5944609
              ],
              [
                9.5434991,
                47.5943761
              ],
              [
                9.5435862,
                47.5942639
              ],
              [
                9.5437674,
                47.59406
              ],
              [
                9.5438916,
                47.5939294
              ],
              [
                9.5440057,
                47.5938011
              ],
              [
                9.5440828,
                47.5937003
              ],
              [
                9.5441595,
                47.593606
              ],
              [
                9.5442566,
                47.59341
              ],
              [
                9.5443486,
                47.5931236
              ],
              [
                9.5443407,
                47.5931008
              ],
              [
                9.5443859,
                47.5930142
              ],
              [
                9.5444169,
                47.5929687
              ],
              [
                9.5444781,
                47.5929348
              ],
              [
                9.5446165,
                47.5929445
              ],
              [
                9.5446879,
                47.5929697
              ],
              [
                9.5446884,
                47.5929429
              ],
              [
                9.5450828,
                47.5927021
              ],
              [
                9.5455257,
                47.5924207
              ],
              [
                9.5456126,
                47.592533
              ],
              [
                9.5457392,
                47.5923812
              ],
              [
                9.5460447,
                47.5920099
              ],
              [
                9.5460623,
                47.5919876
              ],
              [
                9.5465307,
                47.5915896
              ],
              [
                9.5467897,
                47.5914061
              ],
              [
                9.54684,
                47.5913722
              ],
              [
                9.5470872,
                47.5911891
              ],
              [
                9.5472395,
                47.5909363
              ],
              [
                9.5472145,
                47.5908956
              ],
              [
                9.547181,
                47.5909013
              ],
              [
                9.5471508,
                47.5908825
              ],
              [
                9.5471418,
                47.5908643
              ],
              [
                9.54713,
                47.5908411
              ],
              [
                9.5471325,
                47.5908182
              ],
              [
                9.5471759,
                47.5908027
              ],
              [
                9.5472862,
                47.5907291
              ],
              [
                9.5472796,
                47.5907064
              ],
              [
                9.5473238,
                47.5906926
              ],
              [
                9.5474217,
                47.5905986
              ],
              [
                9.5475526,
                47.5904835
              ],
              [
                9.5475814,
                47.590462
              ],
              [
                9.5475649,
                47.5904264
              ],
              [
                9.5475968,
                47.590419
              ],
              [
                9.5477171,
                47.5903383
              ],
              [
                9.5477675,
                47.5903569
              ],
              [
                9.5479397,
                47.5902178
              ],
              [
                9.5479855,
                47.5902484
              ],
              [
                9.5482076,
                47.590141
              ],
              [
                9.5484814,
                47.5898897
              ],
              [
                9.5487087,
                47.5896642
              ],
              [
                9.5486556,
                47.589634
              ],
              [
                9.5494164,
                47.5889877
              ],
              [
                9.5498692,
                47.588325
              ],
              [
                9.5508496,
                47.5876056
              ],
              [
                9.551774,
                47.5873595
              ],
              [
                9.5523735,
                47.5872718
              ],
              [
                9.5530079,
                47.5872739
              ],
              [
                9.5533394,
                47.5873539
              ],
              [
                9.5537805,
                47.5871274
              ],
              [
                9.5536011,
                47.5869187
              ],
              [
                9.5539388,
                47.5869116
              ],
              [
                9.5543347,
                47.5873276
              ],
              [
                9.5545949,
                47.587026
              ],
              [
                9.5550274,
                47.5865293
              ],
              [
                9.5556353,
                47.5871289
              ],
              [
                9.5560023,
                47.5864236
              ],
              [
                9.5568585,
                47.585835
              ],
              [
                9.557003,
                47.5858253
              ],
              [
                9.5572002,
                47.5856693
              ],
              [
                9.557223,
                47.5855793
              ],
              [
                9.5573115,
                47.5854889
              ],
              [
                9.5573873,
                47.5854658
              ],
              [
                9.5574322,
                47.5854762
              ],
              [
                9.5578587,
                47.5860284
              ],
              [
                9.5579602,
                47.5860547
              ],
              [
                9.5582872,
                47.5855626
              ],
              [
                9.5580593,
                47.5854834
              ],
              [
                9.5580384,
                47.5854762
              ],
              [
                9.5579714,
                47.5853966
              ],
              [
                9.5580813,
                47.585308
              ],
              [
                9.5584251,
                47.5853106
              ],
              [
                9.5584856,
                47.5853111
              ],
              [
                9.5590444,
                47.58472
              ],
              [
                9.5602738,
                47.5845848
              ],
              [
                9.5614596,
                47.5846452
              ],
              [
                9.5617972,
                47.5846704
              ],
              [
                9.5618784,
                47.5846733
              ],
              [
                9.5619795,
                47.584677
              ],
              [
                9.5621222,
                47.5847093
              ],
              [
                9.5635972,
                47.585055
              ],
              [
                9.5640863,
                47.5851672
              ],
              [
                9.5651617,
                47.5851125
              ],
              [
                9.5657715,
                47.585078
              ],
              [
                9.5674819,
                47.5847925
              ],
              [
                9.5677322,
                47.5847488
              ],
              [
                9.5681798,
                47.584679
              ],
              [
                9.568399,
                47.5846394
              ],
              [
                9.5684841,
                47.5846261
              ],
              [
                9.5692985,
                47.5844951
              ],
              [
                9.5697295,
                47.5844215
              ],
              [
                9.5701978,
                47.5843473
              ],
              [
                9.5706141,
                47.5843032
              ],
              [
                9.5722432,
                47.5841453
              ],
              [
                9.5728352,
                47.5842285
              ],
              [
                9.5730259,
                47.5842561
              ],
              [
                9.5732307,
                47.5843236
              ],
              [
                9.5735538,
                47.5844419
              ],
              [
                9.5740075,
                47.5846037
              ],
              [
                9.5743414,
                47.5847739
              ],
              [
                9.5746288,
                47.5849309
              ],
              [
                9.5750668,
                47.5851662
              ],
              [
                9.5756908,
                47.5854934
              ],
              [
                9.5759402,
                47.5856219
              ],
              [
                9.5765067,
                47.5859166
              ],
              [
                9.5772484,
                47.5860918
              ],
              [
                9.5773526,
                47.5861101
              ],
              [
                9.5775685,
                47.5861593
              ],
              [
                9.578098,
                47.5861958
              ],
              [
                9.5782345,
                47.5862027
              ],
              [
                9.5785158,
                47.5862189
              ],
              [
                9.5789395,
                47.5862432
              ],
              [
                9.5807998,
                47.5861549
              ],
              [
                9.5808277,
                47.5861521
              ],
              [
                9.5822178,
                47.5859688
              ],
              [
                9.5827265,
                47.5859515
              ],
              [
                9.5829478,
                47.5859415
              ],
              [
                9.5837285,
                47.5861092
              ],
              [
                9.5849366,
                47.5863455
              ],
              [
                9.5857165,
                47.5864831
              ],
              [
                9.5861609,
                47.5865633
              ],
              [
                9.5862323,
                47.5865751
              ],
              [
                9.5864778,
                47.5866164
              ],
              [
                9.586736,
                47.5866615
              ],
              [
                9.5893673,
                47.587127
              ],
              [
                9.5894909,
                47.5871657
              ],
              [
                9.5903918,
                47.5874762
              ],
              [
                9.5903915,
                47.5876448
              ],
              [
                9.5905742,
                47.5876822
              ],
              [
                9.5916664,
                47.5878888
              ],
              [
                9.5924415,
                47.5880345
              ],
              [
                9.5926896,
                47.5880801
              ],
              [
                9.5927203,
                47.5880857
              ],
              [
                9.5944513,
                47.588045
              ],
              [
                9.5941736,
                47.588215
              ],
              [
                9.5942505,
                47.5883914
              ],
              [
                9.5959201,
                47.5883645
              ],
              [
                9.5965636,
                47.5881321
              ],
              [
                9.596941,
                47.5879941
              ],
              [
                9.5972765,
                47.587868
              ],
              [
                9.5974308,
                47.5878102
              ],
              [
                9.5976866,
                47.5876804
              ],
              [
                9.5981093,
                47.5874847
              ],
              [
                9.5985397,
                47.5872627
              ],
              [
                9.5987607,
                47.587159
              ],
              [
                9.5989905,
                47.5870387
              ],
              [
                9.5990898,
                47.5869868
              ],
              [
                9.5993006,
                47.5868924
              ],
              [
                9.5997057,
                47.5866717
              ],
              [
                9.5998034,
                47.586606
              ],
              [
                9.6005423,
                47.5861091
              ],
              [
                9.6007978,
                47.5859282
              ],
              [
                9.6014151,
                47.5853107
              ],
              [
                9.6018676,
                47.584803
              ],
              [
                9.6019584,
                47.5847048
              ],
              [
                9.6022109,
                47.5843554
              ],
              [
                9.603841,
                47.5851636
              ],
              [
                9.6039376,
                47.5852346
              ],
              [
                9.6043736,
                47.5854038
              ],
              [
                9.6050899,
                47.5855341
              ],
              [
                9.6051954,
                47.5855603
              ],
              [
                9.6053172,
                47.5855911
              ],
              [
                9.6070401,
                47.5860026
              ],
              [
                9.6074011,
                47.5861342
              ],
              [
                9.6076248,
                47.5861638
              ],
              [
                9.6078398,
                47.5858653
              ],
              [
                9.6080964,
                47.5855031
              ],
              [
                9.6082855,
                47.5852584
              ],
              [
                9.6084841,
                47.5849998
              ],
              [
                9.6088238,
                47.5845818
              ],
              [
                9.6090452,
                47.5843278
              ],
              [
                9.6092655,
                47.5840755
              ],
              [
                9.6096614,
                47.5836224
              ],
              [
                9.6097888,
                47.5834722
              ],
              [
                9.6099123,
                47.583344
              ],
              [
                9.6100875,
                47.5831624
              ],
              [
                9.6101494,
                47.583205
              ],
              [
                9.6102593,
                47.5832649
              ],
              [
                9.6104921,
                47.5830128
              ],
              [
                9.6109334,
                47.5824905
              ],
              [
                9.611295,
                47.5821385
              ],
              [
                9.6117238,
                47.5816506
              ],
              [
                9.6121371,
                47.5812224
              ],
              [
                9.6125728,
                47.5807436
              ],
              [
                9.6130189,
                47.5802738
              ],
              [
                9.6134858,
                47.5798266
              ],
              [
                9.6135427,
                47.5798
              ],
              [
                9.6135859,
                47.5797796
              ],
              [
                9.6136467,
                47.5797789
              ],
              [
                9.6137624,
                47.5798071
              ],
              [
                9.6140467,
                47.5799428
              ],
              [
                9.6145362,
                47.5801674
              ],
              [
                9.6152413,
                47.5804761
              ],
              [
                9.6155798,
                47.5806158
              ],
              [
                9.61573,
                47.5806805
              ],
              [
                9.6159765,
                47.5807867
              ],
              [
                9.6161058,
                47.5808147
              ],
              [
                9.6162835,
                47.5808902
              ],
              [
                9.6163933,
                47.5810601
              ],
              [
                9.6166078,
                47.5812357
              ],
              [
                9.6169398,
                47.5813868
              ],
              [
                9.617246,
                47.5814582
              ],
              [
                9.6175072,
                47.5814938
              ],
              [
                9.6178533,
                47.5815443
              ],
              [
                9.6181245,
                47.5815774
              ],
              [
                9.6182979,
                47.5816162
              ],
              [
                9.6184932,
                47.5817165
              ],
              [
                9.6186443,
                47.5817968
              ],
              [
                9.6187307,
                47.5818598
              ],
              [
                9.6187575,
                47.5819714
              ],
              [
                9.62024,
                47.5831158
              ],
              [
                9.6202251,
                47.5831427
              ],
              [
                9.6200037,
                47.5835409
              ],
              [
                9.6198167,
                47.5838778
              ],
              [
                9.6196161,
                47.5842387
              ],
              [
                9.6195812,
                47.5843016
              ],
              [
                9.6197197,
                47.5844163
              ],
              [
                9.6200662,
                47.5847159
              ],
              [
                9.6204529,
                47.5850012
              ],
              [
                9.6207152,
                47.5851944
              ],
              [
                9.6210318,
                47.585396
              ],
              [
                9.6210744,
                47.5854199
              ],
              [
                9.6213446,
                47.5855726
              ],
              [
                9.6216241,
                47.5857792
              ],
              [
                9.6217621,
                47.5858781
              ],
              [
                9.6219056,
                47.5859356
              ],
              [
                9.6220628,
                47.5859953
              ],
              [
                9.6221214,
                47.5860312
              ],
              [
                9.6219673,
                47.5861954
              ],
              [
                9.6218476,
                47.5863845
              ],
              [
                9.6217769,
                47.5866276
              ],
              [
                9.6217699,
                47.5868563
              ],
              [
                9.6217937,
                47.5870892
              ],
              [
                9.6218192,
                47.5872096
              ],
              [
                9.6218717,
                47.587454
              ],
              [
                9.6219251,
                47.5876726
              ],
              [
                9.6220294,
                47.5878862
              ],
              [
                9.6221228,
                47.5880792
              ],
              [
                9.62224,
                47.58816
              ],
              [
                9.6223774,
                47.5882405
              ],
              [
                9.6226262,
                47.5883942
              ],
              [
                9.6227542,
                47.5884975
              ],
              [
                9.6229209,
                47.5886623
              ],
              [
                9.622988,
                47.5887413
              ],
              [
                9.6231661,
                47.588925
              ],
              [
                9.6233761,
                47.5891646
              ],
              [
                9.62349,
                47.5892996
              ],
              [
                9.6239534,
                47.5897917
              ],
              [
                9.6241465,
                47.5900407
              ],
              [
                9.6242312,
                47.5901675
              ],
              [
                9.6243982,
                47.5904488
              ],
              [
                9.6245615,
                47.5906021
              ],
              [
                9.6259189,
                47.5917448
              ],
              [
                9.6260474,
                47.5920601
              ],
              [
                9.6262167,
                47.5922109
              ],
              [
                9.6263621,
                47.5923047
              ],
              [
                9.6265516,
                47.5924145
              ],
              [
                9.6266701,
                47.5924487
              ],
              [
                9.6269713,
                47.5924991
              ],
              [
                9.6272388,
                47.59257
              ],
              [
                9.6274289,
                47.5926242
              ],
              [
                9.6275198,
                47.5926501
              ],
              [
                9.627794,
                47.592721
              ],
              [
                9.6279512,
                47.5927608
              ],
              [
                9.6281189,
                47.5928033
              ],
              [
                9.6284982,
                47.5928446
              ],
              [
                9.6286208,
                47.5928471
              ],
              [
                9.6287249,
                47.5928492
              ],
              [
                9.6290228,
                47.5928745
              ],
              [
                9.6293038,
                47.5929066
              ],
              [
                9.6296559,
                47.5929135
              ],
              [
                9.6300723,
                47.5929228
              ],
              [
                9.630203,
                47.5929213
              ],
              [
                9.6304649,
                47.5929184
              ],
              [
                9.6308035,
                47.5929253
              ],
              [
                9.631071,
                47.5928889
              ],
              [
                9.6313724,
                47.5928546
              ],
              [
                9.6316161,
                47.5928913
              ],
              [
                9.6317516,
                47.5928982
              ],
              [
                9.6319716,
                47.5930055
              ],
              [
                9.6322152,
                47.5931246
              ],
              [
                9.6323415,
                47.5931979
              ],
              [
                9.6323844,
                47.5932227
              ],
              [
                9.6325536,
                47.593328
              ],
              [
                9.6326417,
                47.5933943
              ],
              [
                9.6328348,
                47.593513
              ],
              [
                9.6330885,
                47.5935611
              ],
              [
                9.6334439,
                47.5935498
              ],
              [
                9.6338436,
                47.5935112
              ],
              [
                9.6340114,
                47.5935206
              ],
              [
                9.634172,
                47.5935294
              ],
              [
                9.6343336,
                47.5934915
              ],
              [
                9.6344733,
                47.5934586
              ],
              [
                9.6346866,
                47.5933766
              ],
              [
                9.6348796,
                47.5933012
              ],
              [
                9.6350828,
                47.5932417
              ],
              [
                9.6352418,
                47.5931574
              ],
              [
                9.6353402,
                47.5930957
              ],
              [
                9.6354789,
                47.5930522
              ],
              [
                9.6356142,
                47.5930249
              ],
              [
                9.6357769,
                47.5929861
              ],
              [
                9.6358073,
                47.5928833
              ],
              [
                9.6358108,
                47.5927874
              ],
              [
                9.6358819,
                47.5926548
              ],
              [
                9.6359903,
                47.5925544
              ],
              [
                9.6361866,
                47.5924722
              ],
              [
                9.6363526,
                47.5923762
              ],
              [
                9.6365387,
                47.5922918
              ],
              [
                9.6365726,
                47.5922462
              ],
              [
                9.6366437,
                47.5921318
              ],
              [
                9.6366741,
                47.592061
              ],
              [
                9.6367116,
                47.5919787
              ],
              [
                9.6367353,
                47.5918851
              ],
              [
                9.6367724,
                47.5918074
              ],
              [
                9.636813,
                47.5917252
              ],
              [
                9.6368875,
                47.5916727
              ],
              [
                9.6369591,
                47.5916595
              ],
              [
                9.63705,
                47.591643
              ],
              [
                9.6371821,
                47.5916431
              ],
              [
                9.6372869,
                47.591659
              ],
              [
                9.6374157,
                47.5916499
              ],
              [
                9.63747,
                47.5915996
              ],
              [
                9.6376291,
                47.5915541
              ],
              [
                9.6377813,
                47.5915472
              ],
              [
                9.6379506,
                47.5915358
              ],
              [
                9.6380793,
                47.5915244
              ],
              [
                9.6382045,
                47.5914697
              ],
              [
                9.6382689,
                47.5914057
              ],
              [
                9.6383028,
                47.591248
              ],
              [
                9.6382995,
                47.59112
              ],
              [
                9.6383063,
                47.5910173
              ],
              [
                9.6383638,
                47.5909442
              ],
              [
                9.6385297,
                47.5908619
              ],
              [
                9.6386379,
                47.5908072
              ],
              [
                9.6387531,
                47.5907067
              ],
              [
                9.6388276,
                47.5905992
              ],
              [
                9.6388819,
                47.5905147
              ],
              [
                9.6390106,
                47.5904623
              ],
              [
                9.6391223,
                47.5904485
              ],
              [
                9.6393254,
                47.5904371
              ],
              [
                9.6394404,
                47.590371
              ],
              [
                9.6395455,
                47.590275
              ],
              [
                9.6397078,
                47.5902247
              ],
              [
                9.639894,
                47.5901814
              ],
              [
                9.6400531,
                47.5901288
              ],
              [
                9.6401853,
                47.5900147
              ],
              [
                9.6404324,
                47.589905
              ],
              [
                9.640517,
                47.5898822
              ],
              [
                9.6407337,
                47.5898869
              ],
              [
                9.6409233,
                47.5899097
              ],
              [
                9.6411061,
                47.5899029
              ],
              [
                9.6412686,
                47.5898687
              ],
              [
                9.6414039,
                47.5898344
              ],
              [
                9.641614,
                47.589807
              ],
              [
                9.6417865,
                47.5898163
              ],
              [
                9.6419625,
                47.5898323
              ],
              [
                9.6421758,
                47.5898049
              ],
              [
                9.6423385,
                47.5897479
              ],
              [
                9.6424371,
                47.5897228
              ],
              [
                9.6425718,
                47.5896885
              ],
              [
                9.6427108,
                47.5896634
              ],
              [
                9.6427816,
                47.5896661
              ],
              [
                9.6428327,
                47.589668
              ],
              [
                9.6428597,
                47.5896725
              ],
              [
                9.6429579,
                47.5897068
              ],
              [
                9.6430628,
                47.5897434
              ],
              [
                9.6431812,
                47.5897526
              ],
              [
                9.6433404,
                47.5897594
              ],
              [
                9.643547,
                47.589764
              ],
              [
                9.6436891,
                47.5897777
              ],
              [
                9.6438481,
                47.5898349
              ],
              [
                9.6440444,
                47.5899149
              ],
              [
                9.6441055,
                47.5899767
              ],
              [
                9.6441462,
                47.5900314
              ],
              [
                9.6441561,
                47.5900818
              ],
              [
                9.6442172,
                47.5901549
              ],
              [
                9.6442882,
                47.59018
              ],
              [
                9.6443729,
                47.5901915
              ],
              [
                9.6444711,
                47.5902395
              ],
              [
                9.6445016,
                47.5902806
              ],
              [
                9.6444926,
                47.5903101
              ],
              [
                9.6444912,
                47.5903149
              ],
              [
                9.6444541,
                47.5903926
              ],
              [
                9.6444744,
                47.5904747
              ],
              [
                9.644532,
                47.5905091
              ],
              [
                9.6445962,
                47.590484
              ],
              [
                9.6447148,
                47.5905298
              ],
              [
                9.644752,
                47.590612
              ],
              [
                9.6447587,
                47.5906965
              ],
              [
                9.6447655,
                47.5907971
              ],
              [
                9.6447655,
                47.5908679
              ],
              [
                9.6447723,
                47.590966
              ],
              [
                9.6448332,
                47.5910324
              ],
              [
                9.6449043,
                47.5910529
              ],
              [
                9.6450125,
                47.5910574
              ],
              [
                9.6451242,
                47.5910484
              ],
              [
                9.6452256,
                47.5910484
              ],
              [
                9.6453139,
                47.5910896
              ],
              [
                9.6453328,
                47.5911196
              ],
              [
                9.6453715,
                47.5911809
              ],
              [
                9.6453885,
                47.5912701
              ],
              [
                9.6453748,
                47.5913523
              ],
              [
                9.645324,
                47.5914232
              ],
              [
                9.6453206,
                47.5914598
              ],
              [
                9.6453038,
                47.5915123
              ],
              [
                9.6453376,
                47.5915854
              ],
              [
                9.6453781,
                47.591638
              ],
              [
                9.6454425,
                47.5916928
              ],
              [
                9.645517,
                47.5917705
              ],
              [
                9.6455272,
                47.591839
              ],
              [
                9.6455069,
                47.5919167
              ],
              [
                9.6455271,
                47.5919967
              ],
              [
                9.645588,
                47.5920675
              ],
              [
                9.6456288,
                47.5921383
              ],
              [
                9.6456692,
                47.592248
              ],
              [
                9.6456049,
                47.5924697
              ],
              [
                9.6455135,
                47.5925337
              ],
              [
                9.6454053,
                47.5925884
              ],
              [
                9.6452934,
                47.5926204
              ],
              [
                9.6452021,
                47.5926409
              ],
              [
                9.6450293,
                47.5926706
              ],
              [
                9.6448805,
                47.5926752
              ],
              [
                9.6447822,
                47.5926865
              ],
              [
                9.6447012,
                47.592714
              ],
              [
                9.6446131,
                47.5927459
              ],
              [
                9.6444979,
                47.5928007
              ],
              [
                9.6443659,
                47.5928714
              ],
              [
                9.6442845,
                47.5929676
              ],
              [
                9.6441491,
                47.5930383
              ],
              [
                9.6440205,
                47.5930382
              ],
              [
                9.6439189,
                47.5931
              ],
              [
                9.6436481,
                47.5932004
              ],
              [
                9.6434787,
                47.5932324
              ],
              [
                9.6432994,
                47.593294
              ],
              [
                9.6432248,
                47.5933421
              ],
              [
                9.6432113,
                47.5934129
              ],
              [
                9.6432182,
                47.5934814
              ],
              [
                9.6432688,
                47.5935682
              ],
              [
                9.6433771,
                47.5936413
              ],
              [
                9.6434381,
                47.5936938
              ],
              [
                9.643472,
                47.5937557
              ],
              [
                9.6434854,
                47.5938653
              ],
              [
                9.643438,
                47.593968
              ],
              [
                9.6433873,
                47.5941212
              ],
              [
                9.643279,
                47.5942673
              ],
              [
                9.6431097,
                47.5943998
              ],
              [
                9.6429234,
                47.5944935
              ],
              [
                9.6427712,
                47.5945437
              ],
              [
                9.6425646,
                47.5946145
              ],
              [
                9.6424357,
                47.5947629
              ],
              [
                9.6424122,
                47.5948293
              ],
              [
                9.642416,
                47.5948787
              ],
              [
                9.6424188,
                47.5949137
              ],
              [
                9.6424695,
                47.5949808
              ],
              [
                9.6425035,
                47.5950257
              ],
              [
                9.6425521,
                47.595076
              ],
              [
                9.6426694,
                47.5952268
              ],
              [
                9.6427203,
                47.5953616
              ],
              [
                9.6426965,
                47.5954645
              ],
              [
                9.6426457,
                47.5955375
              ],
              [
                9.6425577,
                47.5956495
              ],
              [
                9.6424189,
                47.5957545
              ],
              [
                9.6423138,
                47.5958322
              ],
              [
                9.6422156,
                47.595951
              ],
              [
                9.6421309,
                47.5960789
              ],
              [
                9.642097,
                47.5962115
              ],
              [
                9.6419278,
                47.5963988
              ],
              [
                9.6418769,
                47.5964147
              ],
              [
                9.6417855,
                47.5963918
              ],
              [
                9.6417313,
                47.5963553
              ],
              [
                9.6416536,
                47.5963392
              ],
              [
                9.6414978,
                47.5963782
              ],
              [
                9.6414775,
                47.5964055
              ],
              [
                9.6413963,
                47.5965859
              ],
              [
                9.6413014,
                47.5967368
              ],
              [
                9.6413149,
                47.5967756
              ],
              [
                9.6413624,
                47.5968054
              ],
              [
                9.6414301,
                47.5968259
              ],
              [
                9.6415247,
                47.5968214
              ],
              [
                9.6416671,
                47.5968007
              ],
              [
                9.6417821,
                47.5967895
              ],
              [
                9.6418634,
                47.5968077
              ],
              [
                9.6418972,
                47.59689
              ],
              [
                9.6418769,
                47.5969722
              ],
              [
                9.6418296,
                47.5970911
              ],
              [
                9.6417889,
                47.5972258
              ],
              [
                9.6417144,
                47.5973103
              ],
              [
                9.6416737,
                47.5974337
              ],
              [
                9.641606,
                47.5975365
              ],
              [
                9.6414438,
                47.597621
              ],
              [
                9.6413553,
                47.5976461
              ],
              [
                9.6412098,
                47.5976872
              ],
              [
                9.6410879,
                47.5977192
              ],
              [
                9.640983,
                47.5977832
              ],
              [
                9.6409389,
                47.5978677
              ],
              [
                9.6409525,
                47.5979979
              ],
              [
                9.6409625,
                47.5981145
              ],
              [
                9.6409659,
                47.5982378
              ],
              [
                9.6409525,
                47.598327
              ],
              [
                9.6408981,
                47.5984161
              ],
              [
                9.6408204,
                47.59848
              ],
              [
                9.6407221,
                47.598576
              ],
              [
                9.6406171,
                47.5987176
              ],
              [
                9.6405359,
                47.5988661
              ],
              [
                9.6402082,
                47.5991447
              ],
              [
                9.6400685,
                47.5992635
              ],
              [
                9.6396045,
                47.5997523
              ],
              [
                9.6391641,
                47.6003411
              ],
              [
                9.6391357,
                47.6004624
              ],
              [
                9.6390727,
                47.6005451
              ],
              [
                9.6389797,
                47.6006416
              ],
              [
                9.6389066,
                47.6007175
              ],
              [
                9.6387926,
                47.6007754
              ],
              [
                9.6386722,
                47.6008562
              ],
              [
                9.6385314,
                47.6009188
              ],
              [
                9.6384274,
                47.6009652
              ],
              [
                9.6383027,
                47.6009934
              ],
              [
                9.6381948,
                47.6010057
              ],
              [
                9.6380395,
                47.6010112
              ],
              [
                9.637891,
                47.6010236
              ],
              [
                9.6377874,
                47.6010906
              ],
              [
                9.637691,
                47.6011827
              ],
              [
                9.6376278,
                47.6012607
              ],
              [
                9.6375646,
                47.6013137
              ],
              [
                9.6374775,
                47.6013577
              ],
              [
                9.6372898,
                47.6014595
              ],
              [
                9.6370386,
                47.6016006
              ],
              [
                9.6365627,
                47.6018368
              ],
              [
                9.6363181,
                47.601971
              ],
              [
                9.6362276,
                47.6020241
              ],
              [
                9.6363083,
                47.6021995
              ],
              [
                9.6364495,
                47.6023791
              ],
              [
                9.6366113,
                47.6025676
              ],
              [
                9.6367868,
                47.6027698
              ],
              [
                9.6369926,
                47.6029671
              ],
              [
                9.6372633,
                47.6033066
              ],
              [
                9.6375038,
                47.6034707
              ],
              [
                9.637709,
                47.6036268
              ],
              [
                9.6377884,
                47.6036873
              ],
              [
                9.6379784,
                47.6039564
              ],
              [
                9.6380808,
                47.6042486
              ],
              [
                9.6382022,
                47.6042098
              ],
              [
                9.6383238,
                47.6041822
              ],
              [
                9.6384688,
                47.6041408
              ],
              [
                9.6386176,
                47.6041086
              ],
              [
                9.6387542,
                47.6040741
              ],
              [
                9.6388437,
                47.6040513
              ],
              [
                9.6389552,
                47.6040214
              ],
              [
                9.6391747,
                47.6039869
              ],
              [
                9.6394448,
                47.6039455
              ],
              [
                9.6397014,
                47.6039063
              ],
              [
                9.6398095,
                47.6038833
              ],
              [
                9.6400324,
                47.6038396
              ],
              [
                9.6401016,
                47.60383
              ],
              [
                9.640245,
                47.6038097
              ],
              [
                9.6404223,
                47.603782
              ],
              [
                9.6405389,
                47.6037637
              ],
              [
                9.6405821,
                47.6037603
              ],
              [
                9.6408666,
                47.6037381
              ],
              [
                9.6411301,
                47.6037286
              ],
              [
                9.6416299,
                47.603696
              ],
              [
                9.6420016,
                47.6036817
              ],
              [
                9.6422888,
                47.6036859
              ],
              [
                9.642417,
                47.603694
              ],
              [
                9.6425389,
                47.6037015
              ],
              [
                9.6428465,
                47.6037355
              ],
              [
                9.6432655,
                47.6037692
              ],
              [
                9.6436407,
                47.6037961
              ],
              [
                9.6440023,
                47.6038252
              ],
              [
                9.6442999,
                47.603866
              ],
              [
                9.6444237,
                47.6038767
              ],
              [
                9.6444823,
                47.6038818
              ],
              [
                9.6446345,
                47.603886
              ],
              [
                9.6448032,
                47.6038766
              ],
              [
                9.6455229,
                47.6038415
              ],
              [
                9.6459656,
                47.6038774
              ],
              [
                9.6464356,
                47.603927
              ],
              [
                9.6467228,
                47.6039608
              ],
              [
                9.6468986,
                47.6040155
              ],
              [
                9.6467136,
                47.6042372
              ],
              [
                9.6472747,
                47.6043117
              ],
              [
                9.6471814,
                47.6046955
              ],
              [
                9.647452,
                47.6047865
              ],
              [
                9.6475451,
                47.6052363
              ],
              [
                9.6478493,
                47.6053021
              ],
              [
                9.6482753,
                47.6054049
              ],
              [
                9.6483362,
                47.6053926
              ],
              [
                9.6485457,
                47.6053537
              ],
              [
                9.6487279,
                47.6053192
              ],
              [
                9.6489406,
                47.6052822
              ],
              [
                9.6491433,
                47.6052523
              ],
              [
                9.6493357,
                47.6052156
              ],
              [
                9.6494978,
                47.6051857
              ],
              [
                9.6496498,
                47.60519
              ],
              [
                9.6498154,
                47.6052011
              ],
              [
                9.6500318,
                47.6052282
              ],
              [
                9.650407,
                47.6052711
              ],
              [
                9.6506741,
                47.6053051
              ],
              [
                9.6509648,
                47.6053526
              ],
              [
                9.6511643,
                47.6054003
              ],
              [
                9.6514522,
                47.605546
              ],
              [
                9.652229,
                47.6054923
              ],
              [
                9.6524172,
                47.6054756
              ],
              [
                9.6528303,
                47.605439
              ],
              [
                9.6534254,
                47.6053705
              ],
              [
                9.6536217,
                47.6054146
              ],
              [
                9.6537177,
                47.6055948
              ],
              [
                9.6537747,
                47.6058787
              ],
              [
                9.6537753,
                47.6060702
              ],
              [
                9.6535125,
                47.6064885
              ],
              [
                9.6534305,
                47.6066428
              ],
              [
                9.6534649,
                47.6068951
              ],
              [
                9.6533351,
                47.6071715
              ],
              [
                9.6533215,
                47.6074309
              ],
              [
                9.6534135,
                47.607648
              ],
              [
                9.6534844,
                47.6077256
              ],
              [
                9.6536096,
                47.6077765
              ],
              [
                9.6537896,
                47.6077966
              ],
              [
                9.6539852,
                47.6078023
              ],
              [
                9.6543881,
                47.6081322
              ],
              [
                9.6546396,
                47.608558
              ],
              [
                9.6548565,
                47.6087815
              ],
              [
                9.6551447,
                47.6090689
              ],
              [
                9.655598,
                47.6094849
              ],
              [
                9.6557583,
                47.609632
              ],
              [
                9.6566825,
                47.6105386
              ],
              [
                9.6582523,
                47.6120659
              ],
              [
                9.6614201,
                47.6119056
              ],
              [
                9.662537,
                47.611849
              ],
              [
                9.6655743,
                47.6116951
              ],
              [
                9.6663714,
                47.6116504
              ],
              [
                9.6710306,
                47.611389
              ],
              [
                9.6713832,
                47.6112752
              ],
              [
                9.6718311,
                47.6112064
              ],
              [
                9.6720752,
                47.6110835
              ],
              [
                9.6723381,
                47.6108412
              ],
              [
                9.6724856,
                47.6106405
              ],
              [
                9.6729174,
                47.6106097
              ],
              [
                9.6730006,
                47.6104072
              ],
              [
                9.6738562,
                47.6099262
              ],
              [
                9.6743645,
                47.6097852
              ],
              [
                9.674457,
                47.6096197
              ],
              [
                9.6747453,
                47.6093521
              ],
              [
                9.6748929,
                47.609362
              ],
              [
                9.6749398,
                47.6093259
              ],
              [
                9.6750404,
                47.609192
              ],
              [
                9.6751343,
                47.6089787
              ],
              [
                9.675196,
                47.6088783
              ],
              [
                9.6754199,
                47.6086559
              ],
              [
                9.6758464,
                47.6086269
              ],
              [
                9.6765704,
                47.6079941
              ],
              [
                9.6769484,
                47.6070748
              ],
              [
                9.6771437,
                47.6068169
              ],
              [
                9.6775929,
                47.6067389
              ],
              [
                9.6776835,
                47.6063784
              ],
              [
                9.6776825,
                47.6058217
              ],
              [
                9.6777928,
                47.6055968
              ],
              [
                9.678113,
                47.6048723
              ],
              [
                9.6787347,
                47.604881
              ],
              [
                9.6799921,
                47.6047596
              ],
              [
                9.6806393,
                47.6046972
              ],
              [
                9.6812369,
                47.6045667
              ],
              [
                9.6814362,
                47.6045663
              ],
              [
                9.6838615,
                47.6045604
              ],
              [
                9.6853367,
                47.6053086
              ],
              [
                9.6868969,
                47.6060863
              ],
              [
                9.6878209,
                47.6072642
              ],
              [
                9.6886384,
                47.607479
              ],
              [
                9.6889794,
                47.6077091
              ],
              [
                9.688908,
                47.6080552
              ],
              [
                9.6902522,
                47.6086733
              ],
              [
                9.6904139,
                47.6088806
              ],
              [
                9.6905825,
                47.6090925
              ],
              [
                9.690704,
                47.6093658
              ],
              [
                9.6914432,
                47.6099447
              ],
              [
                9.6918786,
                47.6102615
              ],
              [
                9.6920731,
                47.6103246
              ],
              [
                9.6922049,
                47.6111068
              ],
              [
                9.6924682,
                47.6110884
              ],
              [
                9.6924752,
                47.6111295
              ],
              [
                9.6924669,
                47.6120329
              ],
              [
                9.691869,
                47.6120357
              ],
              [
                9.6912578,
                47.6121913
              ],
              [
                9.6911507,
                47.6126569
              ],
              [
                9.6914362,
                47.6134026
              ],
              [
                9.6910882,
                47.6134098
              ],
              [
                9.6905581,
                47.6136041
              ],
              [
                9.6904502,
                47.6136727
              ],
              [
                9.6904335,
                47.6137754
              ],
              [
                9.6905333,
                47.6146377
              ],
              [
                9.6902974,
                47.6146115
              ],
              [
                9.6891647,
                47.6144859
              ],
              [
                9.6889504,
                47.6153553
              ],
              [
                9.6888869,
                47.6156999
              ],
              [
                9.688653,
                47.6168098
              ],
              [
                9.688636,
                47.6168637
              ],
              [
                9.6896599,
                47.616961
              ],
              [
                9.689938,
                47.6174513
              ],
              [
                9.6900464,
                47.6175562
              ],
              [
                9.6901006,
                47.6176794
              ],
              [
                9.6903149,
                47.6177144
              ],
              [
                9.6906666,
                47.6177467
              ],
              [
                9.6906695,
                47.6178329
              ],
              [
                9.6907959,
                47.6181067
              ],
              [
                9.6908485,
                47.6182705
              ],
              [
                9.6908913,
                47.618644
              ],
              [
                9.6909351,
                47.6187196
              ],
              [
                9.6909997,
                47.6188468
              ],
              [
                9.6911432,
                47.6189439
              ],
              [
                9.6911922,
                47.618977
              ],
              [
                9.6914458,
                47.6190411
              ],
              [
                9.6916079,
                47.6190777
              ],
              [
                9.6918548,
                47.6190847
              ],
              [
                9.6920813,
                47.619094
              ],
              [
                9.6922875,
                47.6190758
              ],
              [
                9.6923822,
                47.6190622
              ],
              [
                9.6925579,
                47.6191033
              ],
              [
                9.6926863,
                47.6191811
              ],
              [
                9.6928451,
                47.6192222
              ],
              [
                9.6931989,
                47.6193014
              ],
              [
                9.6931583,
                47.6194293
              ],
              [
                9.6929624,
                47.6196188
              ],
              [
                9.6928927,
                47.6196727
              ],
              [
                9.6927764,
                47.6197627
              ],
              [
                9.6925565,
                47.6201618
              ],
              [
                9.6923776,
                47.6204867
              ],
              [
                9.6910486,
                47.6203434
              ],
              [
                9.6912452,
                47.6210253
              ],
              [
                9.6912113,
                47.6211944
              ],
              [
                9.6911337,
                47.6212858
              ],
              [
                9.690995,
                47.6213314
              ],
              [
                9.6907786,
                47.6213678
              ],
              [
                9.6901769,
                47.6214361
              ],
              [
                9.689937,
                47.6214817
              ],
              [
                9.6898964,
                47.6216622
              ],
              [
                9.6898443,
                47.6218378
              ],
              [
                9.6897616,
                47.621842
              ],
              [
                9.6895926,
                47.6218077
              ],
              [
                9.6893661,
                47.6218213
              ],
              [
                9.6891463,
                47.6218645
              ],
              [
                9.6888455,
                47.6217296
              ],
              [
                9.6888153,
                47.6217501
              ],
              [
                9.6885915,
                47.621954
              ],
              [
                9.6883008,
                47.6217574
              ],
              [
                9.687939,
                47.6215608
              ],
              [
                9.6876551,
                47.6215036
              ],
              [
                9.6873982,
                47.6215126
              ],
              [
                9.6869925,
                47.6215718
              ],
              [
                9.6868471,
                47.6215535
              ],
              [
                9.6867457,
                47.6215397
              ],
              [
                9.6859953,
                47.6217655
              ],
              [
                9.6857789,
                47.6220921
              ],
              [
                9.6855794,
                47.6225878
              ],
              [
                9.6857179,
                47.6232663
              ],
              [
                9.6856047,
                47.6234993
              ],
              [
                9.6853697,
                47.6239834
              ],
              [
                9.6854474,
                47.6241685
              ],
              [
                9.6854914,
                47.6243078
              ],
              [
                9.6855116,
                47.6244312
              ],
              [
                9.6854722,
                47.6246215
              ],
              [
                9.6854384,
                47.6246809
              ],
              [
                9.6857895,
                47.6246613
              ],
              [
                9.6863402,
                47.6246682
              ],
              [
                9.6865432,
                47.6246903
              ],
              [
                9.6869711,
                47.6247504
              ],
              [
                9.6869178,
                47.6249646
              ],
              [
                9.6868944,
                47.6250586
              ],
              [
                9.6860742,
                47.6251347
              ],
              [
                9.6856837,
                47.6253006
              ],
              [
                9.6853911,
                47.6254409
              ],
              [
                9.6857397,
                47.62556
              ],
              [
                9.6855321,
                47.6257248
              ],
              [
                9.6854038,
                47.6258478
              ],
              [
                9.685254,
                47.6260407
              ],
              [
                9.6849239,
                47.6260915
              ],
              [
                9.6846771,
                47.6261757
              ],
              [
                9.6841567,
                47.6263739
              ],
              [
                9.6832578,
                47.6267953
              ],
              [
                9.6824061,
                47.6270867
              ],
              [
                9.6824901,
                47.6275745
              ],
              [
                9.6818412,
                47.6280119
              ],
              [
                9.6823173,
                47.6283586
              ],
              [
                9.6829654,
                47.6289355
              ],
              [
                9.6831959,
                47.6293696
              ],
              [
                9.6833601,
                47.6295812
              ],
              [
                9.6834295,
                47.6297999
              ],
              [
                9.6834445,
                47.6299619
              ],
              [
                9.683402,
                47.6301241
              ],
              [
                9.6833634,
                47.6303433
              ],
              [
                9.6833352,
                47.630599
              ],
              [
                9.6834543,
                47.6306921
              ],
              [
                9.6836038,
                47.6307942
              ],
              [
                9.6845911,
                47.6312536
              ],
              [
                9.6848361,
                47.6314466
              ],
              [
                9.6852069,
                47.6317326
              ],
              [
                9.6853291,
                47.6317915
              ],
              [
                9.6855661,
                47.6318545
              ],
              [
                9.6859291,
                47.6320128
              ],
              [
                9.6875435,
                47.6327116
              ],
              [
                9.6885895,
                47.6331452
              ],
              [
                9.6884653,
                47.6333948
              ],
              [
                9.6883731,
                47.6336667
              ],
              [
                9.6882789,
                47.6340938
              ],
              [
                9.6881031,
                47.6348315
              ],
              [
                9.6880626,
                47.6349772
              ],
              [
                9.6879832,
                47.6352626
              ],
              [
                9.6879747,
                47.6352925
              ],
              [
                9.6879407,
                47.6354151
              ],
              [
                9.6879035,
                47.6355997
              ],
              [
                9.6885556,
                47.6356135
              ],
              [
                9.6892754,
                47.6356069
              ],
              [
                9.690012,
                47.6355638
              ],
              [
                9.6906304,
                47.6355002
              ],
              [
                9.6911575,
                47.6354252
              ],
              [
                9.6915799,
                47.6353273
              ],
              [
                9.6920463,
                47.6351952
              ],
              [
                9.6928575,
                47.6349332
              ],
              [
                9.6934995,
                47.634783
              ],
              [
                9.6941011,
                47.6346692
              ],
              [
                9.6945134,
                47.6346237
              ],
              [
                9.6950642,
                47.6347158
              ],
              [
                9.6954627,
                47.6348428
              ],
              [
                9.6958743,
                47.634915
              ],
              [
                9.6961179,
                47.6350219
              ],
              [
                9.6963088,
                47.6351254
              ],
              [
                9.6966262,
                47.6352888
              ],
              [
                9.6970146,
                47.6355066
              ],
              [
                9.6972653,
                47.6357259
              ],
              [
                9.6977271,
                47.6360871
              ],
              [
                9.6979106,
                47.6362305
              ],
              [
                9.6982247,
                47.6363915
              ],
              [
                9.698479,
                47.6365352
              ],
              [
                9.6988007,
                47.6366265
              ],
              [
                9.699111,
                47.6367013
              ],
              [
                9.6994083,
                47.6367515
              ],
              [
                9.6996551,
                47.6367424
              ],
              [
                9.6999287,
                47.6367083
              ],
              [
                9.7001518,
                47.6366537
              ],
              [
                9.7003377,
                47.6365443
              ],
              [
                9.7005473,
                47.6363437
              ],
              [
                9.7007332,
                47.636125
              ],
              [
                9.7011423,
                47.6357284
              ],
              [
                9.7014702,
                47.6354345
              ],
              [
                9.7018385,
                47.6351359
              ],
              [
                9.7021124,
                47.6348966
              ],
              [
                9.7023794,
                47.6346642
              ],
              [
                9.7026803,
                47.6343133
              ],
              [
                9.7028561,
                47.6341264
              ],
              [
                9.702917,
                47.6340147
              ],
              [
                9.7032144,
                47.6336569
              ],
              [
                9.7035187,
                47.6333949
              ],
              [
                9.7039344,
                47.6330827
              ],
              [
                9.7043603,
                47.6328092
              ],
              [
                9.7047015,
                47.6325995
              ],
              [
                9.7051308,
                47.6324013
              ],
              [
                9.7056815,
                47.6322236
              ],
              [
                9.7061682,
                47.6321006
              ],
              [
                9.7065905,
                47.6320277
              ],
              [
                9.7071142,
                47.6319959
              ],
              [
                9.707697,
                47.631942
              ],
              [
                9.7083019,
                47.6319196
              ],
              [
                9.709012,
                47.6319745
              ],
              [
                9.7095096,
                47.6320688
              ],
              [
                9.7097636,
                47.6321274
              ],
              [
                9.7101937,
                47.6322471
              ],
              [
                9.7102424,
                47.632271
              ],
              [
                9.7105601,
                47.6324263
              ],
              [
                9.7111385,
                47.6328167
              ],
              [
                9.7115254,
                47.6330437
              ],
              [
                9.7119459,
                47.6332524
              ],
              [
                9.7121939,
                47.6334295
              ],
              [
                9.7122896,
                47.6335868
              ],
              [
                9.7123974,
                47.6339972
              ],
              [
                9.7125112,
                47.6342913
              ],
              [
                9.7126652,
                47.6345624
              ],
              [
                9.7129892,
                47.6349722
              ],
              [
                9.7133099,
                47.6353934
              ],
              [
                9.7134489,
                47.6355417
              ],
              [
                9.7136643,
                47.6357712
              ],
              [
                9.7139907,
                47.6360485
              ],
              [
                9.7146636,
                47.6365713
              ],
              [
                9.7149789,
                47.6367026
              ],
              [
                9.7154799,
                47.6368083
              ],
              [
                9.716244,
                47.636824
              ],
              [
                9.7169209,
                47.6369269
              ],
              [
                9.7174014,
                47.6369938
              ],
              [
                9.7181767,
                47.6371557
              ],
              [
                9.7188002,
                47.6373386
              ],
              [
                9.7190709,
                47.6374023
              ],
              [
                9.7192191,
                47.6374642
              ],
              [
                9.7194316,
                47.6375219
              ],
              [
                9.7196612,
                47.6375616
              ],
              [
                9.7199551,
                47.6375809
              ],
              [
                9.7201782,
                47.6375771
              ],
              [
                9.7203981,
                47.6375414
              ],
              [
                9.7206184,
                47.6374577
              ],
              [
                9.7208559,
                47.6373217
              ],
              [
                9.7209874,
                47.6370821
              ],
              [
                9.7209733,
                47.6369331
              ],
              [
                9.7209294,
                47.6367228
              ],
              [
                9.72089,
                47.6362952
              ],
              [
                9.7208164,
                47.6357111
              ],
              [
                9.7209119,
                47.6352992
              ],
              [
                9.7211214,
                47.6350343
              ],
              [
                9.7211873,
                47.6349794
              ],
              [
                9.7212833,
                47.6348803
              ],
              [
                9.7214029,
                47.6347055
              ],
              [
                9.7215358,
                47.6345088
              ],
              [
                9.7218679,
                47.6342285
              ],
              [
                9.7221806,
                47.6339439
              ],
              [
                9.7225673,
                47.6337385
              ],
              [
                9.7229578,
                47.6335645
              ],
              [
                9.7233135,
                47.6334511
              ],
              [
                9.7235105,
                47.6334322
              ],
              [
                9.7237286,
                47.6334118
              ],
              [
                9.7240205,
                47.6334694
              ],
              [
                9.7244116,
                47.6336071
              ],
              [
                9.7246641,
                47.6338258
              ],
              [
                9.7248084,
                47.6341439
              ],
              [
                9.7247688,
                47.6343935
              ],
              [
                9.7246308,
                47.634573
              ],
              [
                9.7243235,
                47.6348019
              ],
              [
                9.7239726,
                47.6349273
              ],
              [
                9.7236325,
                47.6351037
              ],
              [
                9.7231323,
                47.6356528
              ],
              [
                9.7228692,
                47.6360375
              ],
              [
                9.7227931,
                47.6362053
              ],
              [
                9.7228137,
                47.6364744
              ],
              [
                9.7228609,
                47.6367589
              ],
              [
                9.7229539,
                47.6369757
              ],
              [
                9.722996,
                47.6370604
              ],
              [
                9.7231912,
                47.6371619
              ],
              [
                9.7238062,
                47.6375128
              ],
              [
                9.7247615,
                47.6380427
              ],
              [
                9.7255395,
                47.6384287
              ],
              [
                9.7259977,
                47.6386448
              ],
              [
                9.7262238,
                47.6387004
              ],
              [
                9.7263283,
                47.6387229
              ],
              [
                9.726396,
                47.6387375
              ],
              [
                9.7265683,
                47.6387449
              ],
              [
                9.7267409,
                47.6387227
              ],
              [
                9.7270488,
                47.6386554
              ],
              [
                9.7278081,
                47.6383294
              ],
              [
                9.7290551,
                47.6378682
              ],
              [
                9.7294311,
                47.6377394
              ],
              [
                9.7296239,
                47.637731
              ],
              [
                9.7297591,
                47.6377338
              ],
              [
                9.7298231,
                47.6377522
              ],
              [
                9.7299006,
                47.6377959
              ],
              [
                9.7299442,
                47.6378303
              ],
              [
                9.7303454,
                47.6384865
              ],
              [
                9.7307335,
                47.6393113
              ],
              [
                9.7307885,
                47.6394281
              ],
              [
                9.731068,
                47.6400265
              ],
              [
                9.7311983,
                47.6403057
              ],
              [
                9.7314783,
                47.6408794
              ],
              [
                9.7318577,
                47.6417615
              ],
              [
                9.7320087,
                47.6419285
              ],
              [
                9.7322141,
                47.6420479
              ],
              [
                9.73245,
                47.6421514
              ],
              [
                9.7326827,
                47.6422207
              ],
              [
                9.732909,
                47.6422602
              ],
              [
                9.7331894,
                47.6422954
              ],
              [
                9.7335167,
                47.642365
              ],
              [
                9.7338676,
                47.6424597
              ],
              [
                9.734154,
                47.6425907
              ],
              [
                9.7343052,
                47.642719
              ],
              [
                9.7343621,
                47.6428242
              ],
              [
                9.734395,
                47.6429475
              ],
              [
                9.7343467,
                47.6431003
              ],
              [
                9.7343017,
                47.6432461
              ],
              [
                9.7342501,
                47.6433737
              ],
              [
                9.7341782,
                47.6435287
              ],
              [
                9.7340587,
                47.6437085
              ],
              [
                9.7338904,
                47.6439505
              ],
              [
                9.7336196,
                47.6441473
              ],
              [
                9.7333433,
                47.6445183
              ],
              [
                9.7331998,
                47.6447506
              ],
              [
                9.7331642,
                47.6449759
              ],
              [
                9.7333707,
                47.6449634
              ],
              [
                9.7334437,
                47.6451735
              ],
              [
                9.7335841,
                47.6454045
              ],
              [
                9.7338365,
                47.6455765
              ],
              [
                9.7341193,
                47.6457372
              ],
              [
                9.734463,
                47.6459117
              ],
              [
                9.7348776,
                47.6460843
              ],
              [
                9.7353535,
                47.6462023
              ],
              [
                9.7358904,
                47.6463022
              ],
              [
                9.7366065,
                47.64638
              ],
              [
                9.7374984,
                47.6464583
              ],
              [
                9.7382006,
                47.6465747
              ],
              [
                9.7386087,
                47.6467176
              ],
              [
                9.7389456,
                47.6468967
              ],
              [
                9.7392617,
                47.6471533
              ],
              [
                9.7396514,
                47.6475197
              ],
              [
                9.7400108,
                47.6478746
              ],
              [
                9.7402523,
                47.6481697
              ],
              [
                9.7403961,
                47.6484098
              ],
              [
                9.7404954,
                47.6487227
              ],
              [
                9.7405058,
                47.6491184
              ],
              [
                9.7405425,
                47.6496553
              ],
              [
                9.740591,
                47.6500985
              ],
              [
                9.7405423,
                47.6504029
              ],
              [
                9.74038,
                47.6505871
              ],
              [
                9.7401041,
                47.6508499
              ],
              [
                9.7397121,
                47.6510495
              ],
              [
                9.7394217,
                47.651253
              ],
              [
                9.7392967,
                47.651446
              ],
              [
                9.739255,
                47.6515743
              ],
              [
                9.7392979,
                47.6517043
              ],
              [
                9.7394317,
                47.651813
              ],
              [
                9.7397041,
                47.6519206
              ],
              [
                9.7401661,
                47.6520427
              ],
              [
                9.7410188,
                47.6522784
              ],
              [
                9.7418249,
                47.6525488
              ],
              [
                9.7424649,
                47.6527952
              ],
              [
                9.7429743,
                47.653008
              ],
              [
                9.7431926,
                47.6531371
              ],
              [
                9.7434931,
                47.653301
              ],
              [
                9.7439253,
                47.653644
              ],
              [
                9.7444183,
                47.6539796
              ],
              [
                9.7447006,
                47.6542554
              ],
              [
                9.7446756,
                47.6543719
              ],
              [
                9.74457,
                47.6545209
              ],
              [
                9.7444416,
                47.6546179
              ],
              [
                9.7445328,
                47.6548069
              ],
              [
                9.744316,
                47.6549687
              ],
              [
                9.7438277,
                47.6554779
              ],
              [
                9.7434691,
                47.655812
              ],
              [
                9.7431316,
                47.6562768
              ],
              [
                9.7429173,
                47.6564708
              ],
              [
                9.7425795,
                47.6567433
              ],
              [
                9.7420851,
                47.6570379
              ],
              [
                9.7415951,
                47.6573801
              ],
              [
                9.7410475,
                47.657725
              ],
              [
                9.7407692,
                47.6578905
              ],
              [
                9.740468,
                47.6582449
              ],
              [
                9.7402636,
                47.6585885
              ],
              [
                9.7400879,
                47.6588754
              ],
              [
                9.7400761,
                47.6589133
              ],
              [
                9.7400343,
                47.6592246
              ],
              [
                9.7398373,
                47.6592085
              ],
              [
                9.7391382,
                47.6595079
              ],
              [
                9.7388414,
                47.6596386
              ],
              [
                9.7387788,
                47.6597259
              ],
              [
                9.7387384,
                47.659932
              ],
              [
                9.7387358,
                47.6601629
              ],
              [
                9.7388191,
                47.6604686
              ],
              [
                9.7390304,
                47.660755
              ],
              [
                9.7389685,
                47.6610756
              ],
              [
                9.7391333,
                47.661216
              ],
              [
                9.7390714,
                47.6613491
              ],
              [
                9.7388905,
                47.6614374
              ],
              [
                9.7389926,
                47.6618549
              ],
              [
                9.7390376,
                47.6621038
              ],
              [
                9.7390101,
                47.6622641
              ],
              [
                9.738873,
                47.6623543
              ],
              [
                9.7387669,
                47.6622383
              ],
              [
                9.7384261,
                47.6623105
              ],
              [
                9.738688,
                47.6629226
              ],
              [
                9.7386349,
                47.663051
              ],
              [
                9.7386365,
                47.6632294
              ],
              [
                9.7386963,
                47.6635243
              ],
              [
                9.7387966,
                47.6637871
              ],
              [
                9.7389715,
                47.664093
              ],
              [
                9.739214,
                47.6644192
              ],
              [
                9.7396708,
                47.6648888
              ],
              [
                9.7402433,
                47.6654724
              ],
              [
                9.7394344,
                47.6661366
              ],
              [
                9.7391998,
                47.6663822
              ],
              [
                9.7391258,
                47.6664237
              ],
              [
                9.7390309,
                47.6663851
              ],
              [
                9.7389461,
                47.666342
              ],
              [
                9.7388073,
                47.6663173
              ],
              [
                9.7386282,
                47.6663202
              ],
              [
                9.7383919,
                47.6663485
              ],
              [
                9.7382302,
                47.6664087
              ],
              [
                9.7381283,
                47.6663563
              ],
              [
                9.7380403,
                47.6663384
              ],
              [
                9.7379192,
                47.666412
              ],
              [
                9.7378297,
                47.6666069
              ],
              [
                9.7377567,
                47.6667787
              ],
              [
                9.7375185,
                47.66699
              ],
              [
                9.7373709,
                47.6671324
              ],
              [
                9.7371759,
                47.6672497
              ],
              [
                9.7369972,
                47.6673007
              ],
              [
                9.7366867,
                47.6673614
              ],
              [
                9.7362511,
                47.6673904
              ],
              [
                9.7355384,
                47.6674319
              ],
              [
                9.7352075,
                47.6674789
              ],
              [
                9.7348637,
                47.6675181
              ],
              [
                9.7345566,
                47.6675901
              ],
              [
                9.7343781,
                47.6676912
              ],
              [
                9.7342474,
                47.6678174
              ],
              [
                9.7340928,
                47.667939
              ],
              [
                9.7339477,
                47.667967
              ],
              [
                9.7336706,
                47.6679977
              ],
              [
                9.7331876,
                47.6680498
              ],
              [
                9.7328836,
                47.6680852
              ],
              [
                9.7325627,
                47.6681366
              ],
              [
                9.7324584,
                47.6682896
              ],
              [
                9.7324433,
                47.6684112
              ],
              [
                9.73222,
                47.668396
              ],
              [
                9.7318578,
                47.6683472
              ],
              [
                9.7314651,
                47.668287
              ],
              [
                9.7312806,
                47.6682436
              ],
              [
                9.7311498,
                47.66819
              ],
              [
                9.7308151,
                47.6682027
              ],
              [
                9.7302604,
                47.6681865
              ],
              [
                9.730081,
                47.6681553
              ],
              [
                9.7300607,
                47.6682139
              ],
              [
                9.7300063,
                47.6689365
              ],
              [
                9.7300959,
                47.6691303
              ],
              [
                9.7302911,
                47.6694515
              ],
              [
                9.7305483,
                47.6698753
              ],
              [
                9.7305848,
                47.6702108
              ],
              [
                9.7305995,
                47.6707542
              ],
              [
                9.7305526,
                47.671218
              ],
              [
                9.7304497,
                47.6714628
              ],
              [
                9.7302533,
                47.6718357
              ],
              [
                9.730128,
                47.6718133
              ],
              [
                9.7299995,
                47.6718161
              ],
              [
                9.7297697,
                47.6718398
              ],
              [
                9.7295504,
                47.6718864
              ],
              [
                9.7293507,
                47.6718711
              ],
              [
                9.7292222,
                47.6718693
              ],
              [
                9.7288875,
                47.6718774
              ],
              [
                9.7287562,
                47.6719373
              ],
              [
                9.7290309,
                47.6720367
              ],
              [
                9.7293595,
                47.6721154
              ],
              [
                9.7297088,
                47.6722374
              ],
              [
                9.7299128,
                47.6723691
              ],
              [
                9.7302027,
                47.6726603
              ],
              [
                9.7304171,
                47.6729775
              ],
              [
                9.7304866,
                47.673052
              ],
              [
                9.7304272,
                47.673244
              ],
              [
                9.7303788,
                47.6735136
              ],
              [
                9.7303839,
                47.6737397
              ],
              [
                9.7302632,
                47.6738475
              ],
              [
                9.730436,
                47.6743411
              ],
              [
                9.7297679,
                47.6744631
              ],
              [
                9.7301196,
                47.6753236
              ],
              [
                9.7301471,
                47.6756521
              ],
              [
                9.7301856,
                47.6761236
              ],
              [
                9.7304047,
                47.6762758
              ],
              [
                9.7301689,
                47.6765299
              ],
              [
                9.7297335,
                47.6765137
              ],
              [
                9.7297416,
                47.6765412
              ],
              [
                9.7299487,
                47.6774669
              ],
              [
                9.7308016,
                47.6775309
              ],
              [
                9.7307592,
                47.6776588
              ],
              [
                9.7307698,
                47.6777021
              ],
              [
                9.7307947,
                47.6778024
              ],
              [
                9.7308499,
                47.677898
              ],
              [
                9.7309437,
                47.6781096
              ],
              [
                9.7310367,
                47.6782529
              ],
              [
                9.7311123,
                47.6783552
              ],
              [
                9.7311745,
                47.6784598
              ],
              [
                9.7311825,
                47.6785647
              ],
              [
                9.7312487,
                47.6787401
              ],
              [
                9.7312775,
                47.6788814
              ],
              [
                9.7312278,
                47.6789683
              ],
              [
                9.7311273,
                47.6790486
              ],
              [
                9.7310094,
                47.6790835
              ],
              [
                9.7308709,
                47.6791002
              ],
              [
                9.7307526,
                47.6790985
              ],
              [
                9.730627,
                47.6790626
              ],
              [
                9.730528,
                47.6789924
              ],
              [
                9.7304495,
                47.6789221
              ],
              [
                9.7303373,
                47.6788702
              ],
              [
                9.7302488,
                47.6788227
              ],
              [
                9.7301737,
                47.6788038
              ],
              [
                9.7301334,
                47.6787937
              ],
              [
                9.7299744,
                47.6787808
              ],
              [
                9.7298931,
                47.6787721
              ],
              [
                9.7297752,
                47.6788023
              ],
              [
                9.7297215,
                47.6788414
              ],
              [
                9.7296407,
                47.6788738
              ],
              [
                9.7294994,
                47.6789361
              ],
              [
                9.7293444,
                47.678987
              ],
              [
                9.7292098,
                47.679038
              ],
              [
                9.7290477,
                47.679057
              ],
              [
                9.7288992,
                47.6790874
              ],
              [
                9.7287405,
                47.6791111
              ],
              [
                9.7285146,
                47.6791647
              ],
              [
                9.7283534,
                47.6792568
              ],
              [
                9.7282057,
                47.6793511
              ],
              [
                9.7280956,
                47.6794794
              ],
              [
                9.7280864,
                47.6795525
              ],
              [
                9.7281409,
                47.6795864
              ],
              [
                9.7282254,
                47.6795882
              ],
              [
                9.7282929,
                47.6795788
              ],
              [
                9.7284348,
                47.679562
              ],
              [
                9.7285496,
                47.6795569
              ],
              [
                9.7287155,
                47.6795675
              ],
              [
                9.7288208,
                47.6796035
              ],
              [
                9.7288689,
                47.679674
              ],
              [
                9.7288665,
                47.6797493
              ],
              [
                9.7288472,
                47.679836
              ],
              [
                9.7288073,
                47.6798955
              ],
              [
                9.7287132,
                47.6799416
              ],
              [
                9.7285784,
                47.679988
              ],
              [
                9.7284434,
                47.6800115
              ],
              [
                9.7282544,
                47.680033
              ],
              [
                9.7281368,
                47.6800997
              ],
              [
                9.7279752,
                47.6801644
              ],
              [
                9.7278209,
                47.6802634
              ],
              [
                9.7276698,
                47.6803691
              ],
              [
                9.7275422,
                47.6804404
              ],
              [
                9.7274147,
                47.6805233
              ],
              [
                9.7273582,
                47.6806125
              ],
              [
                9.7273425,
                47.6807129
              ],
              [
                9.7273835,
                47.680756
              ],
              [
                9.7274481,
                47.6807786
              ],
              [
                9.7275466,
                47.6808123
              ],
              [
                9.7276956,
                47.6808344
              ],
              [
                9.7279022,
                47.6808629
              ],
              [
                9.7281291,
                47.6808914
              ],
              [
                9.7283463,
                47.6809565
              ],
              [
                9.7285961,
                47.6810458
              ],
              [
                9.7287373,
                47.6811347
              ],
              [
                9.7286954,
                47.6812724
              ],
              [
                9.728629,
                47.6814871
              ],
              [
                9.7284883,
                47.6817316
              ],
              [
                9.7282933,
                47.6819398
              ],
              [
                9.7276104,
                47.6826082
              ],
              [
                9.727341,
                47.6828212
              ],
              [
                9.7269455,
                47.6828658
              ],
              [
                9.7267293,
                47.6829268
              ],
              [
                9.7266213,
                47.6829922
              ],
              [
                9.7263181,
                47.6831757
              ],
              [
                9.7260725,
                47.6834023
              ],
              [
                9.7259582,
                47.6835168
              ],
              [
                9.7259219,
                47.683672
              ],
              [
                9.7258855,
                47.6838136
              ],
              [
                9.7258995,
                47.6839163
              ],
              [
                9.7258026,
                47.6841173
              ],
              [
                9.7249425,
                47.6839671
              ],
              [
                9.7246045,
                47.684023
              ],
              [
                9.7241619,
                47.6841178
              ],
              [
                9.7232226,
                47.6843193
              ],
              [
                9.7230098,
                47.684361
              ],
              [
                9.7226293,
                47.6840747
              ],
              [
                9.7225209,
                47.6840317
              ],
              [
                9.7223552,
                47.684055
              ],
              [
                9.7221966,
                47.6841125
              ],
              [
                9.7220785,
                47.6841745
              ],
              [
                9.7220043,
                47.6842227
              ],
              [
                9.7219131,
                47.6842458
              ],
              [
                9.7218047,
                47.6842187
              ],
              [
                9.7216525,
                47.6841987
              ],
              [
                9.7214564,
                47.6842335
              ],
              [
                9.7211896,
                47.6842982
              ],
              [
                9.7209802,
                47.6843559
              ],
              [
                9.7207305,
                47.6844685
              ],
              [
                9.7205719,
                47.6845488
              ],
              [
                9.7202179,
                47.6847529
              ],
              [
                9.7191066,
                47.6850484
              ],
              [
                9.7181636,
                47.6852019
              ],
              [
                9.7180142,
                47.6850905
              ],
              [
                9.7178786,
                47.6850453
              ],
              [
                9.7176961,
                47.6850686
              ],
              [
                9.7175001,
                47.6851012
              ],
              [
                9.7173918,
                47.6851106
              ],
              [
                9.7174193,
                47.6851722
              ],
              [
                9.7174639,
                47.6852998
              ],
              [
                9.7170319,
                47.6854585
              ],
              [
                9.7161359,
                47.6855708
              ],
              [
                9.7153306,
                47.6856346
              ],
              [
                9.7128449,
                47.6858314
              ],
              [
                9.712764,
                47.6859561
              ],
              [
                9.7125295,
                47.686127
              ],
              [
                9.7124044,
                47.6861365
              ],
              [
                9.712278,
                47.6858996
              ],
              [
                9.7120816,
                47.6858773
              ],
              [
                9.7115786,
                47.6860546
              ],
              [
                9.7112781,
                47.6861718
              ],
              [
                9.7110657,
                47.6863025
              ],
              [
                9.710941,
                47.686369
              ],
              [
                9.7108319,
                47.6862324
              ],
              [
                9.7099263,
                47.6864108
              ],
              [
                9.7095512,
                47.6864987
              ],
              [
                9.7090816,
                47.6866141
              ],
              [
                9.7086726,
                47.6866678
              ],
              [
                9.7083851,
                47.6866709
              ],
              [
                9.7078704,
                47.6865881
              ],
              [
                9.7074302,
                47.6865141
              ],
              [
                9.7068715,
                47.6864131
              ],
              [
                9.7056555,
                47.6860976
              ],
              [
                9.7048251,
                47.6858498
              ],
              [
                9.704075,
                47.6857431
              ],
              [
                9.7040221,
                47.6853663
              ],
              [
                9.7041333,
                47.6853676
              ],
              [
                9.7042044,
                47.6853694
              ],
              [
                9.7045601,
                47.6853714
              ],
              [
                9.7050573,
                47.6853312
              ],
              [
                9.7054871,
                47.6853097
              ],
              [
                9.7058929,
                47.6852725
              ],
              [
                9.7061836,
                47.6852429
              ],
              [
                9.7064341,
                47.6852274
              ],
              [
                9.7064673,
                47.6851951
              ],
              [
                9.706318,
                47.6851756
              ],
              [
                9.7060116,
                47.6850703
              ],
              [
                9.7058173,
                47.6849963
              ],
              [
                9.7055377,
                47.6848726
              ],
              [
                9.7052716,
                47.6847602
              ],
              [
                9.7048735,
                47.6846372
              ],
              [
                9.7045434,
                47.6845344
              ],
              [
                9.7045443,
                47.6841662
              ],
              [
                9.7045054,
                47.6840704
              ],
              [
                9.7044534,
                47.6839953
              ],
              [
                9.7043538,
                47.6839069
              ],
              [
                9.7041997,
                47.6837982
              ],
              [
                9.7040792,
                47.6836756
              ],
              [
                9.7040372,
                47.6835936
              ],
              [
                9.7040316,
                47.683454
              ],
              [
                9.70405,
                47.683335
              ],
              [
                9.7040341,
                47.6831842
              ],
              [
                9.7040047,
                47.6830357
              ],
              [
                9.7039334,
                47.6828212
              ],
              [
                9.7038625,
                47.6826182
              ],
              [
                9.7038333,
                47.6824835
              ],
              [
                9.7038007,
                47.6824012
              ],
              [
                9.7028754,
                47.6838671
              ],
              [
                9.7024683,
                47.6845379
              ],
              [
                9.7024184,
                47.6846104
              ],
              [
                9.7023395,
                47.6847159
              ],
              [
                9.7022686,
                47.684728
              ],
              [
                9.7010593,
                47.684747
              ],
              [
                9.7014235,
                47.6850518
              ],
              [
                9.7016194,
                47.6850068
              ],
              [
                9.7021202,
                47.6850791
              ],
              [
                9.7024334,
                47.6851755
              ],
              [
                9.7024213,
                47.685417
              ],
              [
                9.7025208,
                47.6855712
              ],
              [
                9.702367,
                47.6860177
              ],
              [
                9.7006428,
                47.6859345
              ],
              [
                9.700688,
                47.6856179
              ],
              [
                9.7007739,
                47.6855134
              ],
              [
                9.7010528,
                47.6854414
              ],
              [
                9.701196,
                47.6853013
              ],
              [
                9.7012773,
                47.6851248
              ],
              [
                9.7012728,
                47.6850629
              ],
              [
                9.701381,
                47.6850564
              ],
              [
                9.7013098,
                47.6849945
              ],
              [
                9.7008036,
                47.6851871
              ],
              [
                9.700379,
                47.6854423
              ],
              [
                9.7003473,
                47.6856109
              ],
              [
                9.7003152,
                47.6857823
              ],
              [
                9.6995467,
                47.6859566
              ],
              [
                9.699757,
                47.6861792
              ],
              [
                9.6998445,
                47.68636
              ],
              [
                9.699895,
                47.6865679
              ],
              [
                9.6997458,
                47.6866867
              ],
              [
                9.6997116,
                47.686961
              ],
              [
                9.6995016,
                47.6869952
              ],
              [
                9.699366,
                47.68713
              ],
              [
                9.699288,
                47.6871848
              ],
              [
                9.6986447,
                47.6871594
              ],
              [
                9.6966215,
                47.6885542
              ],
              [
                9.696533,
                47.6884111
              ],
              [
                9.6964825,
                47.6882388
              ],
              [
                9.696465,
                47.6880519
              ],
              [
                9.6965201,
                47.6880364
              ],
              [
                9.6966405,
                47.6880067
              ],
              [
                9.6970031,
                47.6876665
              ],
              [
                9.6973746,
                47.6872391
              ],
              [
                9.6978257,
                47.6867822
              ],
              [
                9.6980936,
                47.6865263
              ],
              [
                9.6987207,
                47.6860969
              ],
              [
                9.6984095,
                47.685834
              ],
              [
                9.6980162,
                47.6861584
              ],
              [
                9.6976634,
                47.6865742
              ],
              [
                9.6973573,
                47.6868403
              ],
              [
                9.697277,
                47.6868345
              ],
              [
                9.6969956,
                47.6870653
              ],
              [
                9.69666,
                47.6873417
              ],
              [
                9.6964836,
                47.6875084
              ],
              [
                9.6963955,
                47.6876387
              ],
              [
                9.6963343,
                47.6878078
              ],
              [
                9.6963036,
                47.6879289
              ],
              [
                9.6963079,
                47.6880866
              ],
              [
                9.69634,
                47.6882986
              ],
              [
                9.6963799,
                47.688454
              ],
              [
                9.6964662,
                47.688657
              ],
              [
                9.6963126,
                47.688747
              ],
              [
                9.6962041,
                47.6887927
              ],
              [
                9.6960586,
                47.6888087
              ],
              [
                9.6959569,
                47.6888132
              ],
              [
                9.6958723,
                47.6887903
              ],
              [
                9.6949212,
                47.6884815
              ],
              [
                9.6943221,
                47.6882642
              ],
              [
                9.6940349,
                47.6881264
              ],
              [
                9.6939837,
                47.6881018
              ],
              [
                9.6935065,
                47.6878366
              ],
              [
                9.6931412,
                47.6876011
              ],
              [
                9.6929735,
                47.6874746
              ],
              [
                9.6927928,
                47.6873382
              ],
              [
                9.6924175,
                47.6869541
              ],
              [
                9.6920151,
                47.6865632
              ],
              [
                9.6919104,
                47.6864283
              ],
              [
                9.6918428,
                47.6863803
              ],
              [
                9.6917141,
                47.6863094
              ],
              [
                9.6913587,
                47.6862202
              ],
              [
                9.6911015,
                47.6861356
              ],
              [
                9.6909255,
                47.6860646
              ],
              [
                9.6908004,
                47.6860006
              ],
              [
                9.6906346,
                47.6858817
              ],
              [
                9.6903607,
                47.6856577
              ],
              [
                9.6901671,
                47.6855429
              ],
              [
                9.6900561,
                47.685477
              ],
              [
                9.6899006,
                47.6853536
              ],
              [
                9.6896976,
                47.6852026
              ],
              [
                9.6894473,
                47.6850678
              ],
              [
                9.6881647,
                47.6845714
              ],
              [
                9.6881694,
                47.6845283
              ],
              [
                9.6884188,
                47.6838616
              ],
              [
                9.6879585,
                47.6836612
              ],
              [
                9.6886033,
                47.6831009
              ],
              [
                9.6882308,
                47.6828863
              ],
              [
                9.6880442,
                47.6828647
              ],
              [
                9.6878335,
                47.6828205
              ],
              [
                9.6875923,
                47.6827742
              ],
              [
                9.6873546,
                47.6827301
              ],
              [
                9.6871206,
                47.6827135
              ],
              [
                9.6868291,
                47.682695
              ],
              [
                9.6864327,
                47.6826795
              ],
              [
                9.6860259,
                47.6826573
              ],
              [
                9.685829,
                47.6826266
              ],
              [
                9.6856592,
                47.6825936
              ],
              [
                9.685543,
                47.6825326
              ],
              [
                9.685416,
                47.6824238
              ],
              [
                9.685269,
                47.6823333
              ],
              [
                9.6851122,
                47.6822727
              ],
              [
                9.6848748,
                47.6822469
              ],
              [
                9.6846852,
                47.682246
              ],
              [
                9.6844445,
                47.6822385
              ],
              [
                9.6841941,
                47.6822495
              ],
              [
                9.6839433,
                47.6822352
              ],
              [
                9.6836042,
                47.6822079
              ],
              [
                9.6833566,
                47.6821822
              ],
              [
                9.6830985,
                47.6821337
              ],
              [
                9.6828538,
                47.6820783
              ],
              [
                9.6825374,
                47.6819821
              ],
              [
                9.6821492,
                47.6818522
              ],
              [
                9.6816418,
                47.6816729
              ],
              [
                9.6812566,
                47.6815041
              ],
              [
                9.6809019,
                47.6813533
              ],
              [
                9.6806857,
                47.6815973
              ],
              [
                9.6799854,
                47.6816434
              ],
              [
                9.6793206,
                47.6817968
              ],
              [
                9.6787741,
                47.6819378
              ],
              [
                9.6792031,
                47.6820766
              ],
              [
                9.6794115,
                47.6821963
              ],
              [
                9.6794782,
                47.6823469
              ],
              [
                9.6794739,
                47.682507
              ],
              [
                9.6794378,
                47.6827377
              ],
              [
                9.6793202,
                47.682858
              ],
              [
                9.6790957,
                47.6832324
              ],
              [
                9.6788507,
                47.6835955
              ],
              [
                9.6786537,
                47.6837821
              ],
              [
                9.6780137,
                47.6842189
              ],
              [
                9.6781533,
                47.68438
              ],
              [
                9.6780746,
                47.6844357
              ],
              [
                9.67816,
                47.6844601
              ],
              [
                9.6778348,
                47.6846514
              ],
              [
                9.6774014,
                47.684936
              ],
              [
                9.6769035,
                47.685248
              ],
              [
                9.6765174,
                47.6854665
              ],
              [
                9.6762534,
                47.6855666
              ],
              [
                9.6761171,
                47.685616
              ],
              [
                9.6759122,
                47.6856922
              ],
              [
                9.6755494,
                47.685778
              ],
              [
                9.6751737,
                47.6858574
              ],
              [
                9.6748624,
                47.6858959
              ],
              [
                9.6745702,
                47.6859183
              ],
              [
                9.6731242,
                47.6859586
              ],
              [
                9.672893,
                47.6859647
              ],
              [
                9.6728114,
                47.6859655
              ],
              [
                9.6727171,
                47.6859676
              ],
              [
                9.6719018,
                47.6859855
              ],
              [
                9.6710721,
                47.6859759
              ],
              [
                9.6709537,
                47.6859727
              ],
              [
                9.6708114,
                47.6859688
              ],
              [
                9.67006,
                47.6858131
              ],
              [
                9.6694168,
                47.6856779
              ],
              [
                9.6689294,
                47.6855611
              ],
              [
                9.6686757,
                47.6854467
              ],
              [
                9.6685033,
                47.6852684
              ],
              [
                9.6685004,
                47.6850649
              ],
              [
                9.6684904,
                47.6849301
              ],
              [
                9.6684669,
                47.6848524
              ],
              [
                9.6682574,
                47.6846512
              ],
              [
                9.667987,
                47.6844111
              ],
              [
                9.6679022,
                47.6843449
              ],
              [
                9.6678348,
                47.6842922
              ],
              [
                9.6674289,
                47.6840383
              ],
              [
                9.6669655,
                47.6838209
              ],
              [
                9.6667051,
                47.6836562
              ],
              [
                9.6665055,
                47.683583
              ],
              [
                9.666326,
                47.6835509
              ],
              [
                9.6654729,
                47.6834955
              ],
              [
                9.6640895,
                47.6833981
              ],
              [
                9.6640001,
                47.6833918
              ],
              [
                9.6636205,
                47.6833619
              ],
              [
                9.6635014,
                47.6833359
              ],
              [
                9.6632924,
                47.6833659
              ],
              [
                9.6631543,
                47.6833904
              ],
              [
                9.6630371,
                47.6834398
              ],
              [
                9.6629295,
                47.6834639
              ],
              [
                9.6628021,
                47.6835089
              ],
              [
                9.6627219,
                47.6835509
              ],
              [
                9.662651,
                47.6835563
              ],
              [
                9.6625939,
                47.683573
              ],
              [
                9.6625507,
                47.6836032
              ],
              [
                9.6624496,
                47.6836182
              ],
              [
                9.6623223,
                47.6836677
              ],
              [
                9.6622093,
                47.6837467
              ],
              [
                9.6621238,
                47.6838437
              ],
              [
                9.6620819,
                47.6839195
              ],
              [
                9.6620461,
                47.6839771
              ],
              [
                9.6620415,
                47.6840547
              ],
              [
                9.6620588,
                47.6842007
              ],
              [
                9.6621099,
                47.6843393
              ],
              [
                9.6621605,
                47.6844597
              ],
              [
                9.6622442,
                47.6845569
              ],
              [
                9.6623525,
                47.6846836
              ],
              [
                9.6624666,
                47.6847758
              ],
              [
                9.6625504,
                47.6848707
              ],
              [
                9.6626511,
                47.6849653
              ],
              [
                9.6626715,
                47.6850731
              ],
              [
                9.6626904,
                47.6851727
              ],
              [
                9.6629744,
                47.68529
              ],
              [
                9.6631962,
                47.6853863
              ],
              [
                9.6634044,
                47.6854736
              ],
              [
                9.663609,
                47.6855563
              ],
              [
                9.6637384,
                47.6856373
              ],
              [
                9.6635649,
                47.6858609
              ],
              [
                9.6635426,
                47.6859137
              ],
              [
                9.6635167,
                47.6859574
              ],
              [
                9.66349,
                47.6860971
              ],
              [
                9.6634405,
                47.6862758
              ],
              [
                9.6634111,
                47.6864406
              ],
              [
                9.6633839,
                47.6865688
              ],
              [
                9.6633564,
                47.6866764
              ],
              [
                9.663331,
                47.6867407
              ],
              [
                9.6633156,
                47.686798
              ],
              [
                9.663256,
                47.6868512
              ],
              [
                9.6629765,
                47.6870305
              ],
              [
                9.6624071,
                47.6873845
              ],
              [
                9.6622608,
                47.6874696
              ],
              [
                9.6630017,
                47.6879391
              ],
              [
                9.6624428,
                47.6883068
              ],
              [
                9.6616618,
                47.6888621
              ],
              [
                9.6620086,
                47.6890475
              ],
              [
                9.661803,
                47.6892123
              ],
              [
                9.6615686,
                47.6893422
              ],
              [
                9.6613778,
                47.6894444
              ],
              [
                9.6612538,
                47.6895071
              ],
              [
                9.6611464,
                47.6895514
              ],
              [
                9.6608606,
                47.6896453
              ],
              [
                9.6605712,
                47.6897322
              ],
              [
                9.6603622,
                47.6897729
              ],
              [
                9.6600749,
                47.6897868
              ],
              [
                9.6597569,
                47.689794
              ],
              [
                9.6593238,
                47.6898
              ],
              [
                9.6589586,
                47.6898146
              ],
              [
                9.6586675,
                47.6898147
              ],
              [
                9.6585527,
                47.6898272
              ],
              [
                9.6585753,
                47.6899294
              ],
              [
                9.6585838,
                47.6900348
              ],
              [
                9.6573734,
                47.6900885
              ],
              [
                9.6563491,
                47.6901452
              ],
              [
                9.655754,
                47.6901709
              ],
              [
                9.6544944,
                47.6902614
              ],
              [
                9.6542915,
                47.6903575
              ],
              [
                9.6535185,
                47.6906338
              ],
              [
                9.6529886,
                47.6908431
              ],
              [
                9.6524857,
                47.6910342
              ],
              [
                9.6523104,
                47.6911283
              ],
              [
                9.6522667,
                47.6911696
              ],
              [
                9.6521966,
                47.6913182
              ],
              [
                9.6519809,
                47.6919675
              ],
              [
                9.6519415,
                47.6921434
              ],
              [
                9.651795,
                47.6925184
              ],
              [
                9.6515796,
                47.6932042
              ],
              [
                9.6513575,
                47.6939083
              ],
              [
                9.6515766,
                47.6944602
              ],
              [
                9.6519306,
                47.6951432
              ],
              [
                9.6524235,
                47.6961111
              ],
              [
                9.652789,
                47.6969197
              ],
              [
                9.653028,
                47.6973477
              ],
              [
                9.6529068,
                47.6973941
              ],
              [
                9.6532476,
                47.6981024
              ],
              [
                9.6534704,
                47.6985967
              ],
              [
                9.6536019,
                47.6988198
              ],
              [
                9.6537823,
                47.6991173
              ],
              [
                9.6539404,
                47.6994244
              ],
              [
                9.6544011,
                47.7003501
              ],
              [
                9.6548579,
                47.7013056
              ],
              [
                9.6552527,
                47.7021007
              ],
              [
                9.6555688,
                47.7027217
              ],
              [
                9.65602,
                47.7036085
              ],
              [
                9.6562499,
                47.7041057
              ],
              [
                9.6563818,
                47.7043441
              ],
              [
                9.6564038,
                47.7044675
              ],
              [
                9.6563345,
                47.7045745
              ],
              [
                9.6561773,
                47.704681
              ],
              [
                9.6555738,
                47.7049652
              ],
              [
                9.6551979,
                47.705196
              ],
              [
                9.6549589,
                47.7053317
              ],
              [
                9.6546851,
                47.7055265
              ],
              [
                9.6536935,
                47.7048532
              ],
              [
                9.6530386,
                47.7044087
              ],
              [
                9.6528647,
                47.7043918
              ],
              [
                9.6517166,
                47.7042798
              ],
              [
                9.6516894,
                47.7042772
              ],
              [
                9.6503707,
                47.7041436
              ],
              [
                9.6484815,
                47.7039034
              ],
              [
                9.6481342,
                47.703861
              ],
              [
                9.6481873,
                47.7033925
              ],
              [
                9.6482497,
                47.703057
              ],
              [
                9.6483785,
                47.7025826
              ],
              [
                9.6483177,
                47.7025777
              ],
              [
                9.6477421,
                47.7030449
              ],
              [
                9.6457992,
                47.7022929
              ],
              [
                9.6450927,
                47.7027237
              ],
              [
                9.6415999,
                47.7048536
              ],
              [
                9.6412318,
                47.7047828
              ],
              [
                9.6410592,
                47.7047704
              ],
              [
                9.6407957,
                47.7047368
              ],
              [
                9.6403381,
                47.7047591
              ],
              [
                9.6384819,
                47.7047957
              ],
              [
                9.6362868,
                47.7048463
              ],
              [
                9.6353584,
                47.704884
              ],
              [
                9.6347794,
                47.7048804
              ],
              [
                9.6344514,
                47.7048464
              ],
              [
                9.6341339,
                47.7047874
              ],
              [
                9.6337052,
                47.7046956
              ],
              [
                9.6333285,
                47.7045265
              ],
              [
                9.6330523,
                47.7044266
              ],
              [
                9.6329448,
                47.7043597
              ],
              [
                9.6327325,
                47.7042967
              ],
              [
                9.632499,
                47.7042907
              ],
              [
                9.6322987,
                47.7043214
              ],
              [
                9.6321259,
                47.7043272
              ],
              [
                9.6319438,
                47.7042759
              ],
              [
                9.6318839,
                47.7042092
              ],
              [
                9.631861,
                47.7041474
              ],
              [
                9.6318361,
                47.7040033
              ],
              [
                9.631763,
                47.7039092
              ],
              [
                9.63165,
                47.7037668
              ],
              [
                9.6316011,
                47.7036363
              ],
              [
                9.6315999,
                47.7034901
              ],
              [
                9.6314381,
                47.7034503
              ],
              [
                9.6313234,
                47.703413
              ],
              [
                9.6312121,
                47.7033849
              ],
              [
                9.631107,
                47.7033911
              ],
              [
                9.6309539,
                47.7034427
              ],
              [
                9.6307202,
                47.7034435
              ],
              [
                9.6306192,
                47.7034063
              ],
              [
                9.6303747,
                47.7032221
              ],
              [
                9.6303596,
                47.703153
              ],
              [
                9.6303382,
                47.7028885
              ],
              [
                9.6303144,
                47.7026708
              ],
              [
                9.6302317,
                47.7019167
              ],
              [
                9.6300489,
                47.7019064
              ],
              [
                9.629731,
                47.7018839
              ],
              [
                9.6295318,
                47.7018484
              ],
              [
                9.6293697,
                47.7018131
              ],
              [
                9.6291717,
                47.7016977
              ],
              [
                9.6287413,
                47.701487
              ],
              [
                9.6282273,
                47.7012211
              ],
              [
                9.6280216,
                47.701165
              ],
              [
                9.6278859,
                47.7011756
              ],
              [
                9.6277603,
                47.7012069
              ],
              [
                9.6276415,
                47.7012244
              ],
              [
                9.6274407,
                47.7012894
              ],
              [
                9.6272806,
                47.7013501
              ],
              [
                9.6269213,
                47.7013821
              ],
              [
                9.6264474,
                47.7013678
              ],
              [
                9.6252794,
                47.701349
              ],
              [
                9.6246581,
                47.7014617
              ],
              [
                9.6242538,
                47.7015529
              ],
              [
                9.6240475,
                47.7016356
              ],
              [
                9.6239676,
                47.7016676
              ],
              [
                9.6236839,
                47.701844
              ],
              [
                9.6234328,
                47.7021097
              ],
              [
                9.623229,
                47.7023712
              ],
              [
                9.6231712,
                47.7026176
              ],
              [
                9.623196,
                47.7029879
              ],
              [
                9.6245958,
                47.7031245
              ],
              [
                9.6243133,
                47.7036688
              ],
              [
                9.6240868,
                47.7043253
              ],
              [
                9.6239991,
                47.7049782
              ],
              [
                9.6239922,
                47.7050731
              ],
              [
                9.6239284,
                47.7059604
              ],
              [
                9.623892,
                47.7064671
              ],
              [
                9.6228455,
                47.7069267
              ],
              [
                9.6228643,
                47.7070273
              ],
              [
                9.6228256,
                47.7071229
              ],
              [
                9.6227498,
                47.7072071
              ],
              [
                9.6225544,
                47.7073791
              ],
              [
                9.6224416,
                47.7074775
              ],
              [
                9.6222937,
                47.7076447
              ],
              [
                9.6221694,
                47.7077936
              ],
              [
                9.6220792,
                47.7079675
              ],
              [
                9.622005,
                47.7080431
              ],
              [
                9.6219578,
                47.7080615
              ],
              [
                9.6218292,
                47.7080893
              ],
              [
                9.6204323,
                47.7085849
              ],
              [
                9.6204343,
                47.7089865
              ],
              [
                9.6204561,
                47.7103099
              ],
              [
                9.6207769,
                47.7103583
              ],
              [
                9.6207573,
                47.7104681
              ],
              [
                9.6208019,
                47.7105661
              ],
              [
                9.6209044,
                47.7107258
              ],
              [
                9.6210006,
                47.7109356
              ],
              [
                9.6209846,
                47.711107
              ],
              [
                9.6208915,
                47.7113768
              ],
              [
                9.6206905,
                47.7111741
              ],
              [
                9.6197244,
                47.7109759
              ],
              [
                9.619282,
                47.7111577
              ],
              [
                9.6190858,
                47.711172
              ],
              [
                9.6187845,
                47.7111888
              ],
              [
                9.6185881,
                47.7111688
              ],
              [
                9.6182534,
                47.711236
              ],
              [
                9.6180236,
                47.7113144
              ],
              [
                9.6177628,
                47.7113152
              ],
              [
                9.6172946,
                47.7111384
              ],
              [
                9.6168026,
                47.7109594
              ],
              [
                9.6161777,
                47.7106368
              ],
              [
                9.6151569,
                47.7103405
              ],
              [
                9.6151913,
                47.7104181
              ],
              [
                9.6152054,
                47.71053
              ],
              [
                9.6151354,
                47.7107061
              ],
              [
                9.614968,
                47.7110127
              ],
              [
                9.6148613,
                47.7112893
              ],
              [
                9.6147734,
                47.7113147
              ],
              [
                9.6146143,
                47.7113197
              ],
              [
                9.6145752,
                47.7115757
              ],
              [
                9.6144423,
                47.7119895
              ],
              [
                9.6141442,
                47.7119516
              ],
              [
                9.6139543,
                47.711895
              ],
              [
                9.6137671,
                47.7117425
              ],
              [
                9.6135151,
                47.711508
              ],
              [
                9.6131776,
                47.7111092
              ],
              [
                9.6131101,
                47.7111483
              ],
              [
                9.6130395,
                47.7112352
              ],
              [
                9.613047,
                47.711338
              ],
              [
                9.6130852,
                47.7115069
              ],
              [
                9.6131135,
                47.711717
              ],
              [
                9.6130132,
                47.7119343
              ],
              [
                9.6127194,
                47.7122426
              ],
              [
                9.6127985,
                47.7123953
              ],
              [
                9.6129352,
                47.712941
              ],
              [
                9.6130839,
                47.7132969
              ],
              [
                9.6131222,
                47.7134155
              ],
              [
                9.6130951,
                47.7138132
              ],
              [
                9.6134551,
                47.7144777
              ],
              [
                9.6135078,
                47.7147814
              ],
              [
                9.6141803,
                47.7147294
              ],
              [
                9.6149731,
                47.7146717
              ],
              [
                9.6151594,
                47.7146577
              ],
              [
                9.6151533,
                47.7147834
              ],
              [
                9.6150726,
                47.7148682
              ],
              [
                9.6149206,
                47.7149189
              ],
              [
                9.6148363,
                47.7149899
              ],
              [
                9.6148366,
                47.7150448
              ],
              [
                9.6149388,
                47.7151427
              ],
              [
                9.6151464,
                47.7153066
              ],
              [
                9.6151371,
                47.715471
              ],
              [
                9.6149897,
                47.7157182
              ],
              [
                9.614852,
                47.7159059
              ],
              [
                9.6147441,
                47.7159679
              ],
              [
                9.6144525,
                47.7159002
              ],
              [
                9.614246,
                47.7159053
              ],
              [
                9.6140873,
                47.7159903
              ],
              [
                9.6139728,
                47.7160866
              ],
              [
                9.6136927,
                47.7162381
              ],
              [
                9.6133553,
                47.7164401
              ],
              [
                9.6129607,
                47.7166994
              ],
              [
                9.6126642,
                47.7169561
              ],
              [
                9.6124517,
                47.7170732
              ],
              [
                9.6121206,
                47.717193
              ],
              [
                9.6119587,
                47.71731
              ],
              [
                9.6117533,
                47.7174909
              ],
              [
                9.6114864,
                47.7175991
              ],
              [
                9.6111252,
                47.7177646
              ],
              [
                9.6109162,
                47.7179388
              ],
              [
                9.6107851,
                47.7180854
              ],
              [
                9.6107316,
                47.7182021
              ],
              [
                9.6109319,
                47.7182996
              ],
              [
                9.6110846,
                47.7183403
              ],
              [
                9.611146,
                47.7184269
              ],
              [
                9.6111196,
                47.7185321
              ],
              [
                9.6109101,
                47.7186104
              ],
              [
                9.6106562,
                47.7186088
              ],
              [
                9.6101106,
                47.7185327
              ],
              [
                9.6099614,
                47.7185057
              ],
              [
                9.6098564,
                47.7185106
              ],
              [
                9.6096945,
                47.7186138
              ],
              [
                9.6093908,
                47.7187929
              ],
              [
                9.6090634,
                47.7189674
              ],
              [
                9.6087428,
                47.7191351
              ],
              [
                9.6085642,
                47.7192818
              ],
              [
                9.608477,
                47.7194282
              ],
              [
                9.6083764,
                47.7195907
              ],
              [
                9.608306,
                47.7197165
              ],
              [
                9.6082318,
                47.7197648
              ],
              [
                9.6081135,
                47.7197879
              ],
              [
                9.6079745,
                47.7197837
              ],
              [
                9.6077407,
                47.7197318
              ],
              [
                9.607561,
                47.719705
              ],
              [
                9.607392,
                47.7197557
              ],
              [
                9.6072606,
                47.7198566
              ],
              [
                9.6072339,
                47.7199228
              ],
              [
                9.6070962,
                47.7201129
              ],
              [
                9.6070255,
                47.7201953
              ],
              [
                9.6068703,
                47.7202757
              ],
              [
                9.6066333,
                47.7202969
              ],
              [
                9.6064707,
                47.7202859
              ],
              [
                9.6062268,
                47.7202524
              ],
              [
                9.6059499,
                47.7202567
              ],
              [
                9.6056388,
                47.7203121
              ],
              [
                9.6050223,
                47.7204294
              ],
              [
                9.6047283,
                47.7205445
              ],
              [
                9.6045631,
                47.7206545
              ],
              [
                9.6044281,
                47.7207508
              ],
              [
                9.6042532,
                47.7209455
              ],
              [
                9.6041893,
                47.7210028
              ],
              [
                9.6040343,
                47.7211449
              ],
              [
                9.6027085,
                47.7202417
              ],
              [
                9.602579,
                47.7206966
              ],
              [
                9.6023635,
                47.7208982
              ],
              [
                9.6020461,
                47.721059
              ],
              [
                9.6018299,
                47.721151
              ],
              [
                9.6016984,
                47.7212473
              ],
              [
                9.6016043,
                47.7213686
              ],
              [
                9.6015307,
                47.7215173
              ],
              [
                9.6014805,
                47.7216294
              ],
              [
                9.6012881,
                47.7217304
              ],
              [
                9.6008756,
                47.7218435
              ],
              [
                9.6003794,
                47.7221167
              ],
              [
                9.600841,
                47.7223005
              ],
              [
                9.6007568,
                47.7223715
              ],
              [
                9.6014386,
                47.7225683
              ],
              [
                9.6012379,
                47.7229892
              ],
              [
                9.6024007,
                47.7232304
              ],
              [
                9.6017426,
                47.7235954
              ],
              [
                9.6008408,
                47.7240159
              ],
              [
                9.5995847,
                47.7246385
              ],
              [
                9.5985662,
                47.7253837
              ],
              [
                9.5979694,
                47.7258216
              ],
              [
                9.5974563,
                47.7263782
              ],
              [
                9.5953684,
                47.7267872
              ],
              [
                9.5946953,
                47.7262654
              ],
              [
                9.5943113,
                47.7260127
              ],
              [
                9.5939411,
                47.7257874
              ],
              [
                9.5936225,
                47.7257377
              ],
              [
                9.5934994,
                47.7257496
              ],
              [
                9.5933753,
                47.7257543
              ],
              [
                9.5929966,
                47.7259013
              ],
              [
                9.5928009,
                47.7260594
              ],
              [
                9.5929085,
                47.7266189
              ],
              [
                9.5918255,
                47.7267858
              ],
              [
                9.5905784,
                47.7266468
              ],
              [
                9.5906828,
                47.7265209
              ],
              [
                9.5894156,
                47.7264117
              ],
              [
                9.5895495,
                47.7260847
              ],
              [
                9.5891503,
                47.726193
              ],
              [
                9.5891271,
                47.7262981
              ],
              [
                9.58909,
                47.7263484
              ],
              [
                9.5889312,
                47.7264264
              ],
              [
                9.5887081,
                47.7264955
              ],
              [
                9.588469,
                47.726809
              ],
              [
                9.5879952,
                47.7271945
              ],
              [
                9.5876289,
                47.7275007
              ],
              [
                9.5873453,
                47.7276864
              ],
              [
                9.5877386,
                47.7277906
              ],
              [
                9.5871357,
                47.7285116
              ],
              [
                9.5868655,
                47.7286675
              ],
              [
                9.5864359,
                47.7288055
              ],
              [
                9.584907,
                47.7292793
              ],
              [
                9.5842548,
                47.7294495
              ],
              [
                9.5833155,
                47.7298056
              ],
              [
                9.5824581,
                47.7302023
              ],
              [
                9.581882,
                47.7306152
              ],
              [
                9.5815771,
                47.7308322
              ],
              [
                9.5812391,
                47.7308416
              ],
              [
                9.5810288,
                47.7308474
              ],
              [
                9.5806366,
                47.7305464
              ],
              [
                9.5800489,
                47.7300954
              ],
              [
                9.5795141,
                47.7309972
              ],
              [
                9.5791845,
                47.7315935
              ],
              [
                9.579044,
                47.7317042
              ],
              [
                9.5789911,
                47.7317891
              ],
              [
                9.5789624,
                47.7319104
              ],
              [
                9.5789881,
                47.7320382
              ],
              [
                9.5790533,
                47.7320926
              ],
              [
                9.5793923,
                47.73212
              ],
              [
                9.579552,
                47.7321577
              ],
              [
                9.5792745,
                47.7323882
              ],
              [
                9.5791919,
                47.7325235
              ],
              [
                9.5790056,
                47.7327442
              ],
              [
                9.578727,
                47.7329084
              ],
              [
                9.5784381,
                47.7330368
              ],
              [
                9.5774312,
                47.7332991
              ],
              [
                9.5776055,
                47.7336585
              ],
              [
                9.5755625,
                47.7341782
              ],
              [
                9.5751328,
                47.7342341
              ],
              [
                9.5739872,
                47.7339803
              ],
              [
                9.5733218,
                47.7340123
              ],
              [
                9.5734158,
                47.7344249
              ],
              [
                9.5731205,
                47.7346008
              ],
              [
                9.5729327,
                47.7346567
              ],
              [
                9.5729381,
                47.7347415
              ],
              [
                9.5727038,
                47.7348701
              ],
              [
                9.5726079,
                47.7350346
              ],
              [
                9.5723476,
                47.7352356
              ],
              [
                9.5722595,
                47.735335
              ],
              [
                9.5721656,
                47.7353801
              ],
              [
                9.5719457,
                47.7353567
              ],
              [
                9.5717529,
                47.7355787
              ],
              [
                9.5716685,
                47.7357853
              ],
              [
                9.5714497,
                47.7360301
              ],
              [
                9.5710385,
                47.7362216
              ],
              [
                9.5706694,
                47.736275
              ],
              [
                9.5704517,
                47.736412
              ],
              [
                9.5701429,
                47.7365016
              ],
              [
                9.5700259,
                47.7366114
              ],
              [
                9.5697186,
                47.7365224
              ],
              [
                9.5694432,
                47.7367096
              ],
              [
                9.5692554,
                47.7367421
              ],
              [
                9.5690531,
                47.7367024
              ],
              [
                9.5689184,
                47.7365693
              ],
              [
                9.568825,
                47.7364272
              ],
              [
                9.5686544,
                47.7363493
              ],
              [
                9.5684029,
                47.7361655
              ],
              [
                9.5681884,
                47.7359878
              ],
              [
                9.5678429,
                47.7360725
              ],
              [
                9.5674124,
                47.7361684
              ],
              [
                9.5668562,
                47.7362336
              ],
              [
                9.5664212,
                47.7362385
              ],
              [
                9.5661668,
                47.7357187
              ],
              [
                9.5667905,
                47.7355713
              ],
              [
                9.567402,
                47.7353007
              ],
              [
                9.5680192,
                47.7348479
              ],
              [
                9.5663457,
                47.7332847
              ],
              [
                9.5655101,
                47.732494
              ],
              [
                9.5649616,
                47.7319859
              ],
              [
                9.5645721,
                47.7316299
              ],
              [
                9.5632836,
                47.7312988
              ],
              [
                9.5628109,
                47.7318848
              ],
              [
                9.5617886,
                47.7317368
              ],
              [
                9.5617333,
                47.7318402
              ],
              [
                9.5615455,
                47.7319449
              ],
              [
                9.561091,
                47.7322406
              ],
              [
                9.5608669,
                47.7323959
              ],
              [
                9.5608515,
                47.7326785
              ],
              [
                9.5607814,
                47.7327322
              ],
              [
                9.5606226,
                47.7328597
              ],
              [
                9.5605114,
                47.7330837
              ],
              [
                9.560557,
                47.7332622
              ],
              [
                9.5605248,
                47.7332821
              ],
              [
                9.5604557,
                47.7332865
              ],
              [
                9.5600769,
                47.7333813
              ],
              [
                9.5596422,
                47.733538
              ],
              [
                9.5589048,
                47.7336477
              ],
              [
                9.5586193,
                47.7335765
              ],
              [
                9.5581774,
                47.7332389
              ],
              [
                9.5581872,
                47.7329408
              ],
              [
                9.5577997,
                47.7328293
              ],
              [
                9.5575479,
                47.7328394
              ],
              [
                9.557274,
                47.7327968
              ],
              [
                9.5571721,
                47.7326994
              ],
              [
                9.556971,
                47.7327906
              ],
              [
                9.5542069,
                47.7328791
              ],
              [
                9.5535368,
                47.7329087
              ],
              [
                9.5524807,
                47.7329385
              ],
              [
                9.5517695,
                47.7329295
              ],
              [
                9.5510212,
                47.7329376
              ],
              [
                9.55072,
                47.732941
              ],
              [
                9.5499683,
                47.7329528
              ],
              [
                9.5491035,
                47.7330956
              ],
              [
                9.5477279,
                47.7332691
              ],
              [
                9.5462777,
                47.7334477
              ],
              [
                9.5450651,
                47.7336545
              ],
              [
                9.5413304,
                47.7341496
              ],
              [
                9.5404244,
                47.7342538
              ],
              [
                9.5403609,
                47.7342821
              ],
              [
                9.5400071,
                47.7344394
              ],
              [
                9.539188,
                47.7346983
              ],
              [
                9.5385195,
                47.7348329
              ],
              [
                9.5388408,
                47.7352077
              ],
              [
                9.5400724,
                47.7366992
              ],
              [
                9.5400886,
                47.7369665
              ],
              [
                9.5398206,
                47.7372646
              ],
              [
                9.5393073,
                47.7378142
              ],
              [
                9.5388675,
                47.7378003
              ],
              [
                9.5384051,
                47.7375742
              ],
              [
                9.5381835,
                47.7375503
              ],
              [
                9.5377396,
                47.7375454
              ],
              [
                9.5368872,
                47.7376815
              ],
              [
                9.5368273,
                47.7376868
              ],
              [
                9.536261,
                47.7377367
              ],
              [
                9.534431,
                47.7377032
              ],
              [
                9.5341764,
                47.7375507
              ],
              [
                9.5339196,
                47.737397
              ],
              [
                9.5337439,
                47.7371189
              ],
              [
                9.5334445,
                47.7366472
              ],
              [
                9.5335974,
                47.7363563
              ],
              [
                9.5341268,
                47.7360959
              ],
              [
                9.5343794,
                47.7362845
              ],
              [
                9.5345391,
                47.7363386
              ],
              [
                9.5351098,
                47.7364894
              ],
              [
                9.5351185,
                47.7366675
              ],
              [
                9.5352644,
                47.736692
              ],
              [
                9.5355085,
                47.7367116
              ],
              [
                9.5358986,
                47.7367511
              ],
              [
                9.536012,
                47.7365793
              ],
              [
                9.5360904,
                47.7366132
              ],
              [
                9.5364951,
                47.73676
              ],
              [
                9.5366645,
                47.7367707
              ],
              [
                9.5369771,
                47.7368563
              ],
              [
                9.5371136,
                47.7369447
              ],
              [
                9.5374392,
                47.7369868
              ],
              [
                9.5375314,
                47.7360518
              ],
              [
                9.5378688,
                47.7352415
              ],
              [
                9.5376263,
                47.7350506
              ],
              [
                9.5372507,
                47.7347734
              ],
              [
                9.5353988,
                47.734571
              ],
              [
                9.5352976,
                47.7346148
              ],
              [
                9.5345363,
                47.7350522
              ],
              [
                9.5341559,
                47.7352937
              ],
              [
                9.5338732,
                47.7351418
              ],
              [
                9.5335932,
                47.7349248
              ],
              [
                9.5335423,
                47.7349475
              ],
              [
                9.5326628,
                47.7352546
              ],
              [
                9.5320037,
                47.7342128
              ],
              [
                9.5306492,
                47.7335923
              ],
              [
                9.5295154,
                47.7338657
              ],
              [
                9.5292356,
                47.7334493
              ],
              [
                9.5287702,
                47.7334013
              ],
              [
                9.5288445,
                47.733705
              ],
              [
                9.5285059,
                47.7337338
              ],
              [
                9.5283584,
                47.7338852
              ],
              [
                9.5278199,
                47.7339148
              ],
              [
                9.5277266,
                47.7337301
              ],
              [
                9.5275459,
                47.7329357
              ],
              [
                9.5274143,
                47.7322941
              ],
              [
                9.5272183,
                47.7316734
              ],
              [
                9.5268986,
                47.7312131
              ],
              [
                9.5262735,
                47.7313688
              ],
              [
                9.5256271,
                47.7315552
              ],
              [
                9.5254335,
                47.7310944
              ],
              [
                9.5251796,
                47.7305696
              ],
              [
                9.5250662,
                47.7303094
              ],
              [
                9.5240041,
                47.7303888
              ],
              [
                9.5233902,
                47.7303227
              ],
              [
                9.5234425,
                47.7304688
              ],
              [
                9.5235284,
                47.7305918
              ],
              [
                9.5236614,
                47.7306827
              ],
              [
                9.5238047,
                47.7307895
              ],
              [
                9.5238531,
                47.7308784
              ],
              [
                9.5239319,
                47.730974
              ],
              [
                9.524062,
                47.7311083
              ],
              [
                9.5241993,
                47.7312905
              ],
              [
                9.5243,
                47.7315346
              ],
              [
                9.5243023,
                47.7317654
              ],
              [
                9.5233305,
                47.7318243
              ],
              [
                9.5228088,
                47.7318355
              ],
              [
                9.5225488,
                47.7319097
              ],
              [
                9.5220861,
                47.7320578
              ],
              [
                9.5218963,
                47.7320494
              ],
              [
                9.5216682,
                47.7320031
              ],
              [
                9.5216043,
                47.7319866
              ],
              [
                9.5214236,
                47.7318755
              ],
              [
                9.5212501,
                47.7317893
              ],
              [
                9.5210738,
                47.7317832
              ],
              [
                9.520691,
                47.7317916
              ],
              [
                9.5210026,
                47.7321309
              ],
              [
                9.5203828,
                47.7324898
              ],
              [
                9.5199588,
                47.7317489
              ],
              [
                9.5189419,
                47.7320272
              ],
              [
                9.5190038,
                47.7321275
              ],
              [
                9.5191794,
                47.7324101
              ],
              [
                9.5191639,
                47.7325748
              ],
              [
                9.5190501,
                47.7327078
              ],
              [
                9.5184157,
                47.7329663
              ],
              [
                9.5180982,
                47.7330658
              ],
              [
                9.5178883,
                47.7330781
              ],
              [
                9.517627,
                47.7330357
              ],
              [
                9.5172682,
                47.7330715
              ],
              [
                9.5169821,
                47.73326
              ],
              [
                9.5177808,
                47.7342142
              ],
              [
                9.5171356,
                47.7344087
              ],
              [
                9.5164088,
                47.7342288
              ],
              [
                9.5159555,
                47.7336046
              ],
              [
                9.5155273,
                47.7334692
              ],
              [
                9.5150375,
                47.7332747
              ],
              [
                9.5147239,
                47.7330748
              ],
              [
                9.5142411,
                47.7325581
              ],
              [
                9.5139819,
                47.7330687
              ],
              [
                9.5137326,
                47.7332228
              ],
              [
                9.5135508,
                47.7333469
              ],
              [
                9.5134469,
                47.7334639
              ],
              [
                9.5133979,
                47.73364
              ],
              [
                9.5132364,
                47.7338416
              ],
              [
                9.5130365,
                47.7338071
              ],
              [
                9.5113663,
                47.7334809
              ],
              [
                9.511244,
                47.7336293
              ],
              [
                9.5111388,
                47.7337343
              ],
              [
                9.510976,
                47.7338713
              ],
              [
                9.510786,
                47.7339557
              ],
              [
                9.5105353,
                47.734008
              ],
              [
                9.5103319,
                47.7340191
              ],
              [
                9.5101659,
                47.7339733
              ],
              [
                9.5099899,
                47.7338474
              ],
              [
                9.5097592,
                47.7339546
              ],
              [
                9.5094948,
                47.7340754
              ],
              [
                9.5091524,
                47.7341893
              ],
              [
                9.508732,
                47.7342163
              ],
              [
                9.5088808,
                47.7345547
              ],
              [
                9.5086401,
                47.7345636
              ],
              [
                9.5081927,
                47.7345837
              ],
              [
                9.507603,
                47.7346379
              ],
              [
                9.5070912,
                47.7346922
              ],
              [
                9.506698,
                47.7347123
              ],
              [
                9.5066675,
                47.7347351
              ],
              [
                9.5066944,
                47.7349043
              ],
              [
                9.5066197,
                47.7349751
              ],
              [
                9.5064739,
                47.7350046
              ],
              [
                9.5061418,
                47.735002
              ],
              [
                9.5055861,
                47.7349442
              ],
              [
                9.5048104,
                47.7346989
              ],
              [
                9.5038682,
                47.7346818
              ],
              [
                9.5029467,
                47.734546
              ],
              [
                9.5021878,
                47.7343463
              ],
              [
                9.5012767,
                47.7340048
              ],
              [
                9.5006265,
                47.7336841
              ],
              [
                9.5002643,
                47.7334322
              ],
              [
                9.5000849,
                47.7331898
              ],
              [
                9.5000344,
                47.7329932
              ],
              [
                9.4999363,
                47.7329245
              ],
              [
                9.4986278,
                47.7329312
              ],
              [
                9.498622,
                47.7334562
              ],
              [
                9.4986507,
                47.7335443
              ],
              [
                9.4987851,
                47.7337694
              ],
              [
                9.4989549,
                47.734011
              ],
              [
                9.4991704,
                47.7342794
              ],
              [
                9.4994644,
                47.7346191
              ],
              [
                9.4985655,
                47.7348978
              ],
              [
                9.497846,
                47.7338842
              ],
              [
                9.4964809,
                47.7341731
              ],
              [
                9.4966802,
                47.7354264
              ],
              [
                9.4960006,
                47.7353882
              ],
              [
                9.4951521,
                47.7354277
              ],
              [
                9.4949361,
                47.7355329
              ],
              [
                9.4948325,
                47.7360285
              ],
              [
                9.4953733,
                47.7359481
              ],
              [
                9.4955914,
                47.7366489
              ],
              [
                9.4954476,
                47.7372473
              ],
              [
                9.4954484,
                47.7375213
              ],
              [
                9.4953575,
                47.7376949
              ],
              [
                9.495209,
                47.7378023
              ],
              [
                9.4948547,
                47.7367615
              ],
              [
                9.4947124,
                47.7366382
              ],
              [
                9.4945263,
                47.736579
              ],
              [
                9.4943413,
                47.7369628
              ],
              [
                9.4931244,
                47.7370163
              ],
              [
                9.4932703,
                47.7372696
              ],
              [
                9.493308,
                47.7374614
              ],
              [
                9.4932242,
                47.7377286
              ],
              [
                9.493191,
                47.7379547
              ],
              [
                9.4932897,
                47.7382286
              ],
              [
                9.4932833,
                47.7383816
              ],
              [
                9.493213,
                47.7386031
              ],
              [
                9.4931828,
                47.7387562
              ],
              [
                9.4932339,
                47.7388863
              ],
              [
                9.4936296,
                47.7389133
              ],
              [
                9.4944964,
                47.7393898
              ],
              [
                9.4945237,
                47.7395086
              ],
              [
                9.4944847,
                47.7400977
              ],
              [
                9.494516,
                47.740463
              ],
              [
                9.4946792,
                47.7408008
              ],
              [
                9.4948796,
                47.7411295
              ],
              [
                9.4949306,
                47.7412344
              ],
              [
                9.4946029,
                47.7413374
              ],
              [
                9.4942313,
                47.741493
              ],
              [
                9.4944279,
                47.7416732
              ],
              [
                9.4945162,
                47.741817
              ],
              [
                9.4946461,
                47.7423832
              ],
              [
                9.4949607,
                47.7424446
              ],
              [
                9.4950894,
                47.7425153
              ],
              [
                9.4952048,
                47.7426887
              ],
              [
                9.4949592,
                47.7431684
              ],
              [
                9.4953149,
                47.7446797
              ],
              [
                9.4967245,
                47.7445392
              ],
              [
                9.4976917,
                47.7458559
              ],
              [
                9.4976941,
                47.7458954
              ],
              [
                9.4976758,
                47.7462075
              ],
              [
                9.4986568,
                47.7483213
              ],
              [
                9.4986852,
                47.7484033
              ],
              [
                9.4994746,
                47.7483619
              ],
              [
                9.4988411,
                47.7488499
              ],
              [
                9.4987244,
                47.7489809
              ],
              [
                9.4986591,
                47.7491456
              ],
              [
                9.498573,
                47.749507
              ],
              [
                9.4984916,
                47.7497245
              ],
              [
                9.4984735,
                47.7501037
              ],
              [
                9.4985476,
                47.7505257
              ],
              [
                9.4987078,
                47.7508055
              ],
              [
                9.499623,
                47.7507816
              ],
              [
                9.500663,
                47.750788
              ],
              [
                9.5009069,
                47.7507881
              ],
              [
                9.5009506,
                47.7510301
              ],
              [
                9.5009124,
                47.7515689
              ],
              [
                9.5008234,
                47.7521715
              ],
              [
                9.5008164,
                47.7523909
              ],
              [
                9.5002487,
                47.7524789
              ],
              [
                9.4994433,
                47.752589
              ],
              [
                9.4991452,
                47.7526023
              ],
              [
                9.4991773,
                47.7527026
              ],
              [
                9.4993178,
                47.7532566
              ],
              [
                9.4993698,
                47.7537861
              ],
              [
                9.4994491,
                47.75432
              ],
              [
                9.4991471,
                47.7543013
              ],
              [
                9.4985163,
                47.7541493
              ],
              [
                9.4972315,
                47.7541459
              ],
              [
                9.4969031,
                47.7535152
              ],
              [
                9.4968599,
                47.7532597
              ],
              [
                9.4965126,
                47.7524236
              ],
              [
                9.4943072,
                47.7525568
              ],
              [
                9.492574,
                47.7527999
              ],
              [
                9.4922931,
                47.752162
              ],
              [
                9.4916903,
                47.752224
              ],
              [
                9.4914737,
                47.7515631
              ],
              [
                9.4921252,
                47.7512861
              ],
              [
                9.4917175,
                47.7508428
              ],
              [
                9.49139,
                47.7506435
              ],
              [
                9.4905685,
                47.750508
              ],
              [
                9.4909698,
                47.7520264
              ],
              [
                9.4908829,
                47.7533943
              ],
              [
                9.4902703,
                47.7534789
              ],
              [
                9.4898091,
                47.7535426
              ],
              [
                9.4881328,
                47.753828
              ],
              [
                9.4877497,
                47.753857
              ],
              [
                9.4869955,
                47.7538535
              ],
              [
                9.4867009,
                47.7542746
              ],
              [
                9.4865949,
                47.7543843
              ],
              [
                9.4864922,
                47.7542981
              ],
              [
                9.4863485,
                47.7538375
              ],
              [
                9.4861059,
                47.7536468
              ],
              [
                9.4858336,
                47.7535658
              ],
              [
                9.4839889,
                47.7536281
              ],
              [
                9.483661,
                47.7540859
              ],
              [
                9.4838077,
                47.7541721
              ],
              [
                9.484217,
                47.754054
              ],
              [
                9.4840883,
                47.7557869
              ],
              [
                9.484431,
                47.7557969
              ],
              [
                9.4845479,
                47.7542443
              ],
              [
                9.4849995,
                47.7542814
              ],
              [
                9.4853028,
                47.754433
              ],
              [
                9.4855296,
                47.7547196
              ],
              [
                9.4862422,
                47.7564378
              ],
              [
                9.4864195,
                47.7568707
              ],
              [
                9.4868337,
                47.7586037
              ],
              [
                9.4875033,
                47.7583932
              ],
              [
                9.4876589,
                47.7591342
              ],
              [
                9.4875475,
                47.7594952
              ],
              [
                9.4872888,
                47.7599631
              ],
              [
                9.4847424,
                47.7597587
              ],
              [
                9.4847562,
                47.7602885
              ],
              [
                9.4847602,
                47.7602992
              ],
              [
                9.4847664,
                47.7603039
              ],
              [
                9.484055,
                47.7605869
              ],
              [
                9.4825476,
                47.7612597
              ],
              [
                9.4810846,
                47.7620694
              ],
              [
                9.4809526,
                47.7621498
              ],
              [
                9.4808633,
                47.7622608
              ],
              [
                9.4808186,
                47.7623643
              ],
              [
                9.4807728,
                47.7624488
              ],
              [
                9.4806872,
                47.7625434
              ],
              [
                9.4806802,
                47.7625513
              ],
              [
                9.480615,
                47.762584
              ],
              [
                9.4805759,
                47.7626321
              ],
              [
                9.4805665,
                47.7627153
              ],
              [
                9.4806365,
                47.7628445
              ],
              [
                9.4807082,
                47.7629411
              ],
              [
                9.4806704,
                47.7629752
              ],
              [
                9.4805452,
                47.76303
              ],
              [
                9.4804438,
                47.7630621
              ],
              [
                9.4803619,
                47.7630817
              ],
              [
                9.4803259,
                47.7631058
              ],
              [
                9.4802173,
                47.7630922
              ],
              [
                9.4800617,
                47.7631208
              ],
              [
                9.4799723,
                47.7631477
              ],
              [
                9.479931,
                47.763181
              ],
              [
                9.4799277,
                47.7632288
              ],
              [
                9.4798822,
                47.7632747
              ],
              [
                9.479859,
                47.7632965
              ],
              [
                9.4797476,
                47.763341
              ],
              [
                9.4797577,
                47.763369
              ],
              [
                9.479815,
                47.7633819
              ],
              [
                9.479875,
                47.7634229
              ],
              [
                9.4798773,
                47.763441
              ],
              [
                9.4798242,
                47.7634542
              ],
              [
                9.4797766,
                47.7634591
              ],
              [
                9.4796488,
                47.7634955
              ],
              [
                9.479501,
                47.763475
              ],
              [
                9.4794759,
                47.7635168
              ],
              [
                9.4794685,
                47.7635491
              ],
              [
                9.4794583,
                47.7635906
              ],
              [
                9.4794702,
                47.7635873
              ],
              [
                9.4795585,
                47.7635624
              ],
              [
                9.4796032,
                47.7635616
              ],
              [
                9.479687,
                47.7635679
              ],
              [
                9.479689,
                47.7636003
              ],
              [
                9.4796347,
                47.7636441
              ],
              [
                9.4795909,
                47.7636511
              ],
              [
                9.479487,
                47.763732
              ],
              [
                9.4794321,
                47.7637306
              ],
              [
                9.4794038,
                47.7636998
              ],
              [
                9.4793907,
                47.763697
              ],
              [
                9.4793724,
                47.7636929
              ],
              [
                9.4793591,
                47.7637151
              ],
              [
                9.4793246,
                47.7637547
              ],
              [
                9.4792817,
                47.7637971
              ],
              [
                9.4792222,
                47.7638175
              ],
              [
                9.4791192,
                47.7638198
              ],
              [
                9.4788981,
                47.7637844
              ],
              [
                9.4788579,
                47.7637906
              ],
              [
                9.4787837,
                47.7638511
              ],
              [
                9.4787111,
                47.7638632
              ],
              [
                9.4787117,
                47.763855
              ],
              [
                9.4786152,
                47.763857
              ],
              [
                9.4785251,
                47.7638791
              ],
              [
                9.4785023,
                47.7638852
              ],
              [
                9.4784802,
                47.7638923
              ],
              [
                9.4784591,
                47.7639006
              ],
              [
                9.478439,
                47.7639099
              ],
              [
                9.47842,
                47.7639202
              ],
              [
                9.4784023,
                47.7639316
              ],
              [
                9.4783857,
                47.7639438
              ],
              [
                9.4783707,
                47.7639568
              ],
              [
                9.4783593,
                47.7639664
              ],
              [
                9.478347,
                47.7639754
              ],
              [
                9.4783336,
                47.7639838
              ],
              [
                9.4783193,
                47.7639914
              ],
              [
                9.4783041,
                47.7639982
              ],
              [
                9.4782882,
                47.7640042
              ],
              [
                9.4782717,
                47.7640094
              ],
              [
                9.4780252,
                47.7640447
              ],
              [
                9.47779,
                47.7640595
              ],
              [
                9.4775606,
                47.7640951
              ],
              [
                9.4765611,
                47.7642077
              ],
              [
                9.4763924,
                47.764227
              ],
              [
                9.4762174,
                47.7642402
              ],
              [
                9.4761746,
                47.764241
              ],
              [
                9.4761319,
                47.7642408
              ],
              [
                9.4760891,
                47.7642396
              ],
              [
                9.4760465,
                47.7642376
              ],
              [
                9.4760039,
                47.7642345
              ],
              [
                9.4759615,
                47.7642304
              ],
              [
                9.4758699,
                47.7642036
              ],
              [
                9.4758613,
                47.7642004
              ],
              [
                9.4758521,
                47.7641984
              ],
              [
                9.4758425,
                47.7641976
              ],
              [
                9.4758327,
                47.764198
              ],
              [
                9.4758233,
                47.7641997
              ],
              [
                9.4758145,
                47.7642025
              ],
              [
                9.4758066,
                47.7642063
              ],
              [
                9.4758,
                47.7642112
              ],
              [
                9.4757949,
                47.7642167
              ],
              [
                9.4757272,
                47.7642895
              ],
              [
                9.475714,
                47.7643034
              ],
              [
                9.4756993,
                47.7643166
              ],
              [
                9.4756831,
                47.764329
              ],
              [
                9.4756656,
                47.7643404
              ],
              [
                9.475647,
                47.7643511
              ],
              [
                9.4756271,
                47.7643607
              ],
              [
                9.4756062,
                47.7643692
              ],
              [
                9.4755845,
                47.7643768
              ],
              [
                9.4754253,
                47.7644199
              ],
              [
                9.4752091,
                47.7644629
              ],
              [
                9.4749938,
                47.7644997
              ],
              [
                9.4747563,
                47.7645613
              ],
              [
                9.4743133,
                47.7646373
              ],
              [
                9.4738323,
                47.7647137
              ],
              [
                9.4736078,
                47.7647489
              ],
              [
                9.4733857,
                47.7647793
              ],
              [
                9.4731877,
                47.764797
              ],
              [
                9.4731694,
                47.7647979
              ],
              [
                9.473151,
                47.7647978
              ],
              [
                9.4731327,
                47.7647967
              ],
              [
                9.4731146,
                47.7647946
              ],
              [
                9.4730968,
                47.7647914
              ],
              [
                9.4730794,
                47.7647873
              ],
              [
                9.4730627,
                47.7647823
              ],
              [
                9.4729296,
                47.7647375
              ],
              [
                9.4729131,
                47.7647314
              ],
              [
                9.472896,
                47.7647265
              ],
              [
                9.4728782,
                47.7647225
              ],
              [
                9.4728599,
                47.7647197
              ],
              [
                9.4728414,
                47.764718
              ],
              [
                9.4728227,
                47.7647174
              ],
              [
                9.472804,
                47.764718
              ],
              [
                9.4727853,
                47.7647197
              ],
              [
                9.4727672,
                47.7647226
              ],
              [
                9.4727494,
                47.7647265
              ],
              [
                9.4725624,
                47.7647759
              ],
              [
                9.4724205,
                47.7648113
              ],
              [
                9.4722089,
                47.7647986
              ],
              [
                9.4717026,
                47.7646826
              ],
              [
                9.4716423,
                47.7646784
              ],
              [
                9.4712912,
                47.7647442
              ],
              [
                9.4711173,
                47.7647771
              ],
              [
                9.471106,
                47.7647802
              ],
              [
                9.4710941,
                47.7647822
              ],
              [
                9.4710819,
                47.7647831
              ],
              [
                9.4710697,
                47.7647828
              ],
              [
                9.4710576,
                47.7647814
              ],
              [
                9.4710459,
                47.764779
              ],
              [
                9.4709449,
                47.7647524
              ],
              [
                9.4708669,
                47.7647446
              ],
              [
                9.4706648,
                47.7647478
              ],
              [
                9.4705291,
                47.7647716
              ],
              [
                9.4693031,
                47.764915
              ],
              [
                9.469293,
                47.764912
              ],
              [
                9.4692837,
                47.7649081
              ],
              [
                9.4692751,
                47.7649034
              ],
              [
                9.4692677,
                47.7648979
              ],
              [
                9.4692614,
                47.7648918
              ],
              [
                9.4691503,
                47.7647308
              ],
              [
                9.4691439,
                47.7647246
              ],
              [
                9.4691362,
                47.7647192
              ],
              [
                9.4691275,
                47.7647145
              ],
              [
                9.4691177,
                47.7647107
              ],
              [
                9.4691074,
                47.764708
              ],
              [
                9.4690966,
                47.7647062
              ],
              [
                9.4690855,
                47.7647056
              ],
              [
                9.4690743,
                47.764706
              ],
              [
                9.4690634,
                47.7647075
              ],
              [
                9.4690529,
                47.7647099
              ],
              [
                9.4689057,
                47.7647524
              ],
              [
                9.4686285,
                47.7648591
              ],
              [
                9.4685086,
                47.764928
              ],
              [
                9.4684953,
                47.7649345
              ],
              [
                9.4684812,
                47.7649403
              ],
              [
                9.4684666,
                47.7649452
              ],
              [
                9.4684513,
                47.7649494
              ],
              [
                9.4684356,
                47.7649526
              ],
              [
                9.4684196,
                47.764955
              ],
              [
                9.4684033,
                47.7649565
              ],
              [
                9.4680538,
                47.7649555
              ],
              [
                9.4678726,
                47.7649477
              ],
              [
                9.4678074,
                47.7649341
              ],
              [
                9.4674691,
                47.7648569
              ],
              [
                9.4670475,
                47.7648693
              ],
              [
                9.4668889,
                47.7648544
              ],
              [
                9.4665728,
                47.7647769
              ],
              [
                9.46582,
                47.7645837
              ],
              [
                9.4653469,
                47.7644281
              ],
              [
                9.4651804,
                47.7643038
              ],
              [
                9.4662405,
                47.7631372
              ],
              [
                9.4660782,
                47.7624942
              ],
              [
                9.4656684,
                47.7618636
              ],
              [
                9.465172,
                47.7613862
              ],
              [
                9.4647587,
                47.7611002
              ],
              [
                9.4644443,
                47.7606879
              ],
              [
                9.4641672,
                47.7608439
              ],
              [
                9.4640347,
                47.7609609
              ],
              [
                9.4639882,
                47.7610847
              ],
              [
                9.4638574,
                47.7611815
              ],
              [
                9.463546,
                47.7609521
              ],
              [
                9.4632319,
                47.7608002
              ],
              [
                9.4631582,
                47.7606672
              ],
              [
                9.4626063,
                47.7606315
              ],
              [
                9.4623155,
                47.7605287
              ],
              [
                9.4624532,
                47.7604034
              ],
              [
                9.4623977,
                47.7602206
              ],
              [
                9.4623753,
                47.7599857
              ],
              [
                9.4623337,
                47.759899
              ],
              [
                9.4622304,
                47.759726
              ],
              [
                9.4621004,
                47.7595919
              ],
              [
                9.4619978,
                47.7595575
              ],
              [
                9.4616954,
                47.7594564
              ],
              [
                9.4615592,
                47.7593976
              ],
              [
                9.4613173,
                47.7592822
              ],
              [
                9.4610891,
                47.7591781
              ],
              [
                9.4609827,
                47.7590438
              ],
              [
                9.4609301,
                47.7588386
              ],
              [
                9.4608632,
                47.758581
              ],
              [
                9.4608379,
                47.7585115
              ],
              [
                9.4592042,
                47.7585221
              ],
              [
                9.4593408,
                47.7579132
              ],
              [
                9.4593964,
                47.7576653
              ],
              [
                9.4590935,
                47.7575638
              ],
              [
                9.4589053,
                47.7574002
              ],
              [
                9.4586694,
                47.7572094
              ],
              [
                9.4583966,
                47.7570644
              ],
              [
                9.4578256,
                47.7569391
              ],
              [
                9.4573638,
                47.7568338
              ],
              [
                9.4568616,
                47.7567491
              ],
              [
                9.4562371,
                47.7566374
              ],
              [
                9.4555483,
                47.7565444
              ],
              [
                9.4549915,
                47.7564791
              ],
              [
                9.4546418,
                47.7564485
              ],
              [
                9.4544857,
                47.7564355
              ],
              [
                9.4543435,
                47.7564396
              ],
              [
                9.4542573,
                47.7564373
              ],
              [
                9.453913,
                47.7563821
              ],
              [
                9.4530715,
                47.7563918
              ],
              [
                9.4529812,
                47.7563928
              ],
              [
                9.4528805,
                47.7564365
              ],
              [
                9.4527213,
                47.7565058
              ],
              [
                9.4524716,
                47.756646
              ],
              [
                9.4519754,
                47.7569593
              ],
              [
                9.452153,
                47.7573417
              ],
              [
                9.4521612,
                47.7579439
              ],
              [
                9.4521624,
                47.7580335
              ],
              [
                9.4511383,
                47.758346
              ],
              [
                9.4505874,
                47.7585036
              ],
              [
                9.4500878,
                47.758734
              ],
              [
                9.4499274,
                47.7586159
              ],
              [
                9.4482748,
                47.7591227
              ],
              [
                9.4481677,
                47.7596231
              ],
              [
                9.4481353,
                47.7598395
              ],
              [
                9.4477686,
                47.7607517
              ],
              [
                9.4481923,
                47.761169
              ],
              [
                9.4483661,
                47.7612776
              ],
              [
                9.4492041,
                47.7617251
              ],
              [
                9.4495108,
                47.7622523
              ],
              [
                9.4474958,
                47.7627405
              ],
              [
                9.4472868,
                47.7628509
              ],
              [
                9.4471837,
                47.7628542
              ],
              [
                9.4470368,
                47.7627292
              ],
              [
                9.4468498,
                47.7626433
              ],
              [
                9.4466189,
                47.7625963
              ],
              [
                9.4463947,
                47.7625378
              ],
              [
                9.4462552,
                47.7624882
              ],
              [
                9.4460651,
                47.7624548
              ],
              [
                9.4457861,
                47.7623212
              ],
              [
                9.4455783,
                47.762192
              ],
              [
                9.4454315,
                47.762067
              ],
              [
                9.445213,
                47.7618898
              ],
              [
                9.4451105,
                47.7617875
              ],
              [
                9.4450378,
                47.7616006
              ],
              [
                9.4449591,
                47.7615211
              ],
              [
                9.4447345,
                47.7614056
              ],
              [
                9.4445247,
                47.7613091
              ],
              [
                9.4443217,
                47.7614894
              ],
              [
                9.4439155,
                47.7618938
              ],
              [
                9.4436882,
                47.7621236
              ],
              [
                9.4425251,
                47.7636905
              ],
              [
                9.4424216,
                47.7638299
              ],
              [
                9.4420112,
                47.7653729
              ],
              [
                9.4420499,
                47.7655349
              ],
              [
                9.4420915,
                47.7656398
              ],
              [
                9.4428002,
                47.7664795
              ],
              [
                9.442219,
                47.766297
              ],
              [
                9.4422168,
                47.7664294
              ],
              [
                9.4420049,
                47.7670194
              ],
              [
                9.4418417,
                47.7672978
              ],
              [
                9.4418411,
                47.7672986
              ],
              [
                9.441597,
                47.7676787
              ],
              [
                9.4414837,
                47.7679076
              ],
              [
                9.4412433,
                47.7679475
              ],
              [
                9.4408462,
                47.7686659
              ],
              [
                9.4414473,
                47.7692047
              ],
              [
                9.439753,
                47.769659
              ],
              [
                9.4401725,
                47.7700278
              ],
              [
                9.4405039,
                47.7703454
              ],
              [
                9.4406173,
                47.7705521
              ],
              [
                9.4407589,
                47.7709022
              ],
              [
                9.4408792,
                47.7717137
              ],
              [
                9.4405378,
                47.7718281
              ],
              [
                9.4405067,
                47.7721851
              ],
              [
                9.4397622,
                47.7720126
              ],
              [
                9.4395156,
                47.7721684
              ],
              [
                9.4394619,
                47.7722665
              ],
              [
                9.4395003,
                47.772403
              ],
              [
                9.4388667,
                47.7725443
              ],
              [
                9.4387215,
                47.7726747
              ],
              [
                9.4386883,
                47.77281
              ],
              [
                9.4392776,
                47.7735543
              ],
              [
                9.4387979,
                47.7737413
              ],
              [
                9.4381194,
                47.7740241
              ],
              [
                9.4376332,
                47.7731156
              ],
              [
                9.4372676,
                47.7731742
              ],
              [
                9.4356119,
                47.7729844
              ],
              [
                9.4349145,
                47.7730945
              ],
              [
                9.4336062,
                47.7735312
              ],
              [
                9.4335732,
                47.7735683
              ],
              [
                9.4339569,
                47.7741167
              ],
              [
                9.4346454,
                47.7747208
              ],
              [
                9.433619,
                47.7754853
              ],
              [
                9.433686,
                47.7755992
              ],
              [
                9.4338868,
                47.7759635
              ],
              [
                9.4338998,
                47.7760064
              ],
              [
                9.4339326,
                47.7761139
              ],
              [
                9.43402,
                47.7763577
              ],
              [
                9.4342355,
                47.7768132
              ],
              [
                9.4344977,
                47.7772228
              ],
              [
                9.4347256,
                47.7775915
              ],
              [
                9.4351359,
                47.777893
              ],
              [
                9.4354791,
                47.7782657
              ],
              [
                9.4355282,
                47.7784069
              ],
              [
                9.4354841,
                47.7784803
              ],
              [
                9.4354183,
                47.7785901
              ],
              [
                9.4351075,
                47.7789842
              ],
              [
                9.435029,
                47.7792427
              ],
              [
                9.4351105,
                47.7795527
              ],
              [
                9.4351958,
                47.7799015
              ],
              [
                9.435216,
                47.7800514
              ],
              [
                9.4352624,
                47.7803965
              ],
              [
                9.4353257,
                47.7805925
              ],
              [
                9.4354182,
                47.7806765
              ],
              [
                9.4354537,
                47.7806836
              ],
              [
                9.4355368,
                47.7807113
              ],
              [
                9.4357491,
                47.780773
              ],
              [
                9.4359657,
                47.7808199
              ],
              [
                9.4362482,
                47.7809166
              ],
              [
                9.4362847,
                47.7809431
              ],
              [
                9.436467,
                47.7810753
              ],
              [
                9.4365875,
                47.7812368
              ],
              [
                9.4366302,
                47.7814123
              ],
              [
                9.4365736,
                47.7818075
              ],
              [
                9.4365716,
                47.7819309
              ],
              [
                9.4366548,
                47.7820503
              ],
              [
                9.4369743,
                47.7817853
              ],
              [
                9.437792,
                47.7821534
              ],
              [
                9.4381086,
                47.7822637
              ],
              [
                9.4382587,
                47.7823406
              ],
              [
                9.4390955,
                47.7825967
              ],
              [
                9.4395928,
                47.7827928
              ],
              [
                9.440138,
                47.7830434
              ],
              [
                9.4402459,
                47.7831418
              ],
              [
                9.4405955,
                47.7833356
              ],
              [
                9.4410049,
                47.7835664
              ],
              [
                9.441315,
                47.7837087
              ],
              [
                9.4416488,
                47.7838486
              ],
              [
                9.4418775,
                47.7839867
              ],
              [
                9.442039,
                47.784189
              ],
              [
                9.4421926,
                47.7842773
              ],
              [
                9.4425675,
                47.784458
              ],
              [
                9.4427618,
                47.7845529
              ],
              [
                9.4428576,
                47.7846233
              ],
              [
                9.4432446,
                47.7849911
              ],
              [
                9.4433952,
                47.7851204
              ],
              [
                9.4436582,
                47.7852881
              ],
              [
                9.443907,
                47.785401
              ],
              [
                9.444697,
                47.7857097
              ],
              [
                9.4455947,
                47.7859358
              ],
              [
                9.4450868,
                47.7866505
              ],
              [
                9.4451712,
                47.7866697
              ],
              [
                9.4458094,
                47.7867326
              ],
              [
                9.4460164,
                47.7867384
              ],
              [
                9.4470394,
                47.7866396
              ],
              [
                9.4473617,
                47.7866585
              ],
              [
                9.4476406,
                47.7867187
              ],
              [
                9.4479343,
                47.7869021
              ],
              [
                9.448163,
                47.7870288
              ],
              [
                9.4483432,
                47.7870712
              ],
              [
                9.4485435,
                47.7870816
              ],
              [
                9.4488757,
                47.7870753
              ],
              [
                9.449196,
                47.7872084
              ],
              [
                9.4494544,
                47.787255
              ],
              [
                9.4496306,
                47.7872472
              ],
              [
                9.4499787,
                47.7871427
              ],
              [
                9.4501652,
                47.787135
              ],
              [
                9.4506678,
                47.7871963
              ],
              [
                9.4509095,
                47.787284
              ],
              [
                9.4510766,
                47.7873608
              ],
              [
                9.4513323,
                47.7874782
              ],
              [
                9.4514062,
                47.7875218
              ],
              [
                9.4515236,
                47.7875914
              ],
              [
                9.4516748,
                47.7877686
              ],
              [
                9.4519083,
                47.7880207
              ],
              [
                9.4520858,
                47.788118
              ],
              [
                9.45227,
                47.7882061
              ],
              [
                9.4526076,
                47.7883756
              ],
              [
                9.4528968,
                47.7884517
              ],
              [
                9.4531486,
                47.7885189
              ],
              [
                9.4532919,
                47.7885957
              ],
              [
                9.4534323,
                47.7887115
              ],
              [
                9.4535254,
                47.7888479
              ],
              [
                9.4536019,
                47.7890096
              ],
              [
                9.4536754,
                47.7892033
              ],
              [
                9.4539154,
                47.7897225
              ],
              [
                9.4540285,
                47.7898178
              ],
              [
                9.454141,
                47.7898675
              ],
              [
                9.454287,
                47.7898826
              ],
              [
                9.4544509,
                47.7898851
              ],
              [
                9.4546262,
                47.7898877
              ],
              [
                9.4548023,
                47.7898663
              ],
              [
                9.4549754,
                47.7898768
              ],
              [
                9.4551149,
                47.7899217
              ],
              [
                9.4552592,
                47.7900762
              ],
              [
                9.4553085,
                47.7902266
              ],
              [
                9.455263,
                47.7904003
              ],
              [
                9.4551827,
                47.7905928
              ],
              [
                9.4551277,
                47.7907252
              ],
              [
                9.4551933,
                47.7908276
              ],
              [
                9.4553362,
                47.7908702
              ],
              [
                9.4556081,
                47.7909167
              ],
              [
                9.4558293,
                47.7909863
              ],
              [
                9.4558516,
                47.7909941
              ],
              [
                9.455952,
                47.7910291
              ],
              [
                9.4559805,
                47.7910438
              ],
              [
                9.4561635,
                47.7911376
              ],
              [
                9.4564567,
                47.7912638
              ],
              [
                9.4567598,
                47.7913764
              ],
              [
                9.457005,
                47.791455
              ],
              [
                9.457111,
                47.7915275
              ],
              [
                9.4571836,
                47.7916527
              ],
              [
                9.4571689,
                47.7918445
              ],
              [
                9.4571878,
                47.7920065
              ],
              [
                9.4572266,
                47.7920654
              ],
              [
                9.4573017,
                47.7921795
              ],
              [
                9.4574186,
                47.7923204
              ],
              [
                9.4574852,
                47.7924958
              ],
              [
                9.4574737,
                47.792683
              ],
              [
                9.4574611,
                47.792949
              ],
              [
                9.4574057,
                47.7930784
              ],
              [
                9.4573823,
                47.7931602
              ],
              [
                9.4574449,
                47.7932704
              ],
              [
                9.4575427,
                47.7933607
              ],
              [
                9.4578338,
                47.79347
              ],
              [
                9.4581179,
                47.7936712
              ],
              [
                9.4582257,
                47.7937941
              ],
              [
                9.4582238,
                47.7939083
              ],
              [
                9.4577739,
                47.7942646
              ],
              [
                9.4577544,
                47.7943241
              ],
              [
                9.4577695,
                47.7944472
              ],
              [
                9.45788,
                47.7945972
              ],
              [
                9.4580446,
                47.7947356
              ],
              [
                9.4582089,
                47.7948511
              ],
              [
                9.4583295,
                47.7950011
              ],
              [
                9.4583836,
                47.7950968
              ],
              [
                9.4584303,
                47.7951809
              ],
              [
                9.4586955,
                47.7957592
              ],
              [
                9.4588525,
                47.7960961
              ],
              [
                9.45882,
                47.7964616
              ],
              [
                9.4588645,
                47.797016
              ],
              [
                9.459036,
                47.7979533
              ],
              [
                9.4592045,
                47.7981235
              ],
              [
                9.4595124,
                47.798325
              ],
              [
                9.4598199,
                47.7985036
              ],
              [
                9.4599138,
                47.7986766
              ],
              [
                9.4600904,
                47.7992858
              ],
              [
                9.4601397,
                47.7994957
              ],
              [
                9.4601878,
                47.7995595
              ],
              [
                9.4603345,
                47.7996709
              ],
              [
                9.4605832,
                47.7998092
              ],
              [
                9.4609036,
                47.8000043
              ],
              [
                9.4611632,
                47.8002294
              ],
              [
                9.4612288,
                47.8003502
              ],
              [
                9.4612567,
                47.8004459
              ],
              [
                9.4612402,
                47.8004985
              ],
              [
                9.4612022,
                47.8006699
              ],
              [
                9.4603967,
                47.8006969
              ],
              [
                9.4598511,
                47.8002275
              ],
              [
                9.4589343,
                47.7996602
              ],
              [
                9.4587652,
                47.7997111
              ],
              [
                9.4586128,
                47.7997322
              ],
              [
                9.4584704,
                47.7997373
              ],
              [
                9.4582271,
                47.7997723
              ],
              [
                9.4578802,
                47.7999009
              ],
              [
                9.4577006,
                47.8004481
              ],
              [
                9.4576009,
                47.8007458
              ],
              [
                9.4574471,
                47.8012198
              ],
              [
                9.4580898,
                47.8013101
              ],
              [
                9.4583926,
                47.8013177
              ],
              [
                9.4587913,
                47.8011449
              ],
              [
                9.4589907,
                47.8022493
              ],
              [
                9.4608881,
                47.8021028
              ],
              [
                9.4614696,
                47.8030596
              ],
              [
                9.461867,
                47.8035261
              ],
              [
                9.4620249,
                47.803747
              ],
              [
                9.4619349,
                47.8043228
              ],
              [
                9.4610994,
                47.8045338
              ],
              [
                9.4600413,
                47.8048986
              ],
              [
                9.4600123,
                47.8050791
              ],
              [
                9.4598462,
                47.8054944
              ],
              [
                9.4598946,
                47.8055705
              ],
              [
                9.4599223,
                47.8056343
              ],
              [
                9.459896,
                47.805728
              ],
              [
                9.4599175,
                47.8058603
              ],
              [
                9.4599429,
                47.8060475
              ],
              [
                9.4599671,
                47.8061091
              ],
              [
                9.4601002,
                47.8061999
              ],
              [
                9.4602879,
                47.806343
              ],
              [
                9.4603563,
                47.8064136
              ],
              [
                9.460388,
                47.8065504
              ],
              [
                9.4606279,
                47.8066478
              ],
              [
                9.4606997,
                47.8067485
              ],
              [
                9.4607627,
                47.8067777
              ],
              [
                9.4609854,
                47.8069826
              ],
              [
                9.4610493,
                47.8071147
              ],
              [
                9.4611265,
                47.8071842
              ],
              [
                9.4612719,
                47.8072756
              ],
              [
                9.4613127,
                47.8072735
              ],
              [
                9.461406,
                47.8073283
              ],
              [
                9.4615954,
                47.807361
              ],
              [
                9.461796,
                47.8074059
              ],
              [
                9.4618608,
                47.8074199
              ],
              [
                9.4621287,
                47.8067696
              ],
              [
                9.4625361,
                47.806538
              ],
              [
                9.463074,
                47.8062205
              ],
              [
                9.4637371,
                47.8061111
              ],
              [
                9.463776,
                47.8062384
              ],
              [
                9.4638161,
                47.8064066
              ],
              [
                9.4637908,
                47.8065067
              ],
              [
                9.4637474,
                47.8065334
              ],
              [
                9.4636733,
                47.806566
              ],
              [
                9.4635283,
                47.806607
              ],
              [
                9.4630145,
                47.8067756
              ],
              [
                9.4629064,
                47.8068308
              ],
              [
                9.4628392,
                47.806895
              ],
              [
                9.4627755,
                47.8069912
              ],
              [
                9.4627226,
                47.8071352
              ],
              [
                9.4626938,
                47.8073271
              ],
              [
                9.4627804,
                47.8075414
              ],
              [
                9.4628901,
                47.807662
              ],
              [
                9.4629725,
                47.8077918
              ],
              [
                9.4629763,
                47.8078284
              ],
              [
                9.462926,
                47.8078856
              ],
              [
                9.462835,
                47.8079545
              ],
              [
                9.4625176,
                47.8081133
              ],
              [
                9.4621492,
                47.8082494
              ],
              [
                9.4620345,
                47.8083229
              ],
              [
                9.4620114,
                47.8083984
              ],
              [
                9.4620263,
                47.8085399
              ],
              [
                9.4620687,
                47.808727
              ],
              [
                9.4621485,
                47.8091151
              ],
              [
                9.4620901,
                47.8092406
              ],
              [
                9.462042,
                47.8092828
              ],
              [
                9.4619685,
                47.8092913
              ],
              [
                9.4614334,
                47.8093733
              ],
              [
                9.4612863,
                47.8093964
              ],
              [
                9.4612545,
                47.8094841
              ],
              [
                9.4612823,
                47.8095382
              ],
              [
                9.4613397,
                47.8095933
              ],
              [
                9.4613991,
                47.8097159
              ],
              [
                9.4614438,
                47.8097911
              ],
              [
                9.4614242,
                47.8098666
              ],
              [
                9.4613534,
                47.8099034
              ],
              [
                9.4608651,
                47.8099121
              ],
              [
                9.4607671,
                47.8099421
              ],
              [
                9.4607303,
                47.8099977
              ],
              [
                9.4607513,
                47.8100792
              ],
              [
                9.4608166,
                47.8101886
              ],
              [
                9.4594744,
                47.8102416
              ],
              [
                9.4595761,
                47.8106362
              ],
              [
                9.4594278,
                47.8107129
              ],
              [
                9.4587248,
                47.8113885
              ],
              [
                9.4578307,
                47.8114919
              ],
              [
                9.4576579,
                47.8118646
              ],
              [
                9.4573842,
                47.8121728
              ],
              [
                9.4572232,
                47.8123124
              ],
              [
                9.4570629,
                47.8124726
              ],
              [
                9.4569701,
                47.8126248
              ],
              [
                9.4569476,
                47.812753
              ],
              [
                9.4569613,
                47.8128442
              ],
              [
                9.4566276,
                47.8128108
              ],
              [
                9.4562535,
                47.8127873
              ],
              [
                9.4558908,
                47.8127018
              ],
              [
                9.4555779,
                47.8125905
              ],
              [
                9.4553296,
                47.8124324
              ],
              [
                9.4551888,
                47.8125237
              ],
              [
                9.4549395,
                47.8122059
              ],
              [
                9.4545413,
                47.8125366
              ],
              [
                9.4543295,
                47.8124054
              ],
              [
                9.4545854,
                47.812077
              ],
              [
                9.453877,
                47.8118423
              ],
              [
                9.4527193,
                47.8114512
              ],
              [
                9.4526378,
                47.8114236
              ],
              [
                9.4524682,
                47.8116032
              ],
              [
                9.4519657,
                47.8113929
              ],
              [
                9.4522293,
                47.8119373
              ],
              [
                9.4515601,
                47.8127428
              ],
              [
                9.4498555,
                47.8125171
              ],
              [
                9.4496903,
                47.81236
              ],
              [
                9.4496466,
                47.8122785
              ],
              [
                9.4495911,
                47.8114117
              ],
              [
                9.4500013,
                47.811405
              ],
              [
                9.4498774,
                47.8107107
              ],
              [
                9.4491515,
                47.8107156
              ],
              [
                9.4484912,
                47.8118543
              ],
              [
                9.4482723,
                47.811714
              ],
              [
                9.4475014,
                47.811505
              ],
              [
                9.4471709,
                47.8115607
              ],
              [
                9.4468059,
                47.8115986
              ],
              [
                9.4471724,
                47.8117867
              ],
              [
                9.4468097,
                47.8121647
              ],
              [
                9.4462976,
                47.8119485
              ],
              [
                9.4459181,
                47.8117896
              ],
              [
                9.4457709,
                47.8117223
              ],
              [
                9.4455027,
                47.8115215
              ],
              [
                9.4451667,
                47.8113325
              ],
              [
                9.4448581,
                47.8111503
              ],
              [
                9.444684,
                47.8110878
              ],
              [
                9.4444252,
                47.8110352
              ],
              [
                9.4435464,
                47.811029
              ],
              [
                9.4433247,
                47.8113255
              ],
              [
                9.4431727,
                47.8117263
              ],
              [
                9.4429009,
                47.8117081
              ],
              [
                9.4425783,
                47.811688
              ],
              [
                9.4423058,
                47.8116286
              ],
              [
                9.4417212,
                47.8113825
              ],
              [
                9.4415301,
                47.8113156
              ],
              [
                9.4413078,
                47.8112216
              ],
              [
                9.4410108,
                47.8111146
              ],
              [
                9.4407925,
                47.8110525
              ],
              [
                9.4400907,
                47.8110722
              ],
              [
                9.4399015,
                47.8110605
              ],
              [
                9.4397076,
                47.8109541
              ],
              [
                9.4394296,
                47.8107714
              ],
              [
                9.4392366,
                47.8106901
              ],
              [
                9.4388483,
                47.8105549
              ],
              [
                9.4384582,
                47.8104609
              ],
              [
                9.4380974,
                47.8104259
              ],
              [
                9.4378359,
                47.8105124
              ],
              [
                9.4377344,
                47.810521
              ],
              [
                9.4373655,
                47.8105453
              ],
              [
                9.4371163,
                47.8105952
              ],
              [
                9.4368081,
                47.8106094
              ],
              [
                9.4363749,
                47.8106371
              ],
              [
                9.4360934,
                47.8106372
              ],
              [
                9.4357665,
                47.8106952
              ],
              [
                9.4357426,
                47.8109719
              ],
              [
                9.4367534,
                47.8110625
              ],
              [
                9.4373257,
                47.8111239
              ],
              [
                9.4378608,
                47.8109952
              ],
              [
                9.4380649,
                47.8112173
              ],
              [
                9.4382995,
                47.811617
              ],
              [
                9.4383753,
                47.8120525
              ],
              [
                9.4383703,
                47.8123311
              ],
              [
                9.4382893,
                47.8125373
              ],
              [
                9.4386362,
                47.8125846
              ],
              [
                9.4394945,
                47.8125955
              ],
              [
                9.4398846,
                47.8125922
              ],
              [
                9.4403789,
                47.8127273
              ],
              [
                9.4400651,
                47.8131866
              ],
              [
                9.4397137,
                47.8136348
              ],
              [
                9.439355,
                47.8140466
              ],
              [
                9.4389729,
                47.814432
              ],
              [
                9.4386955,
                47.8147119
              ],
              [
                9.4396431,
                47.8149574
              ],
              [
                9.43901,
                47.8160473
              ],
              [
                9.4388682,
                47.8162528
              ],
              [
                9.4388515,
                47.8163774
              ],
              [
                9.4378597,
                47.8162746
              ],
              [
                9.4369198,
                47.816272
              ],
              [
                9.4369653,
                47.8164973
              ],
              [
                9.4369172,
                47.8166671
              ],
              [
                9.4368708,
                47.8168803
              ],
              [
                9.4368391,
                47.8170339
              ],
              [
                9.4368908,
                47.8171518
              ],
              [
                9.4370843,
                47.8173405
              ],
              [
                9.4372285,
                47.8174773
              ],
              [
                9.4372651,
                47.8175521
              ],
              [
                9.4372961,
                47.8176589
              ],
              [
                9.4373177,
                47.8177842
              ],
              [
                9.437421,
                47.8179195
              ],
              [
                9.4376272,
                47.8180851
              ],
              [
                9.4377019,
                47.8181798
              ],
              [
                9.4377964,
                47.8183495
              ],
              [
                9.4379058,
                47.8185579
              ],
              [
                9.4380062,
                47.818707
              ],
              [
                9.4380961,
                47.8188448
              ],
              [
                9.4381707,
                47.8190286
              ],
              [
                9.4382084,
                47.8191065
              ],
              [
                9.4390683,
                47.8186653
              ],
              [
                9.4399049,
                47.8182522
              ],
              [
                9.4404589,
                47.8180948
              ],
              [
                9.4408084,
                47.8186531
              ],
              [
                9.4408796,
                47.8187434
              ],
              [
                9.4413549,
                47.8188429
              ],
              [
                9.4421742,
                47.8191699
              ],
              [
                9.4431096,
                47.8196045
              ],
              [
                9.4442516,
                47.8203052
              ],
              [
                9.4456414,
                47.8209151
              ],
              [
                9.4460903,
                47.8227962
              ],
              [
                9.4461446,
                47.8231304
              ],
              [
                9.4473072,
                47.8238585
              ],
              [
                9.4475691,
                47.8240224
              ],
              [
                9.448294,
                47.8246875
              ],
              [
                9.4484955,
                47.8251025
              ],
              [
                9.4485862,
                47.8252961
              ],
              [
                9.4485592,
                47.8255748
              ],
              [
                9.4484651,
                47.8258973
              ],
              [
                9.4483824,
                47.8260532
              ],
              [
                9.4476117,
                47.8260005
              ],
              [
                9.4470745,
                47.8258985
              ],
              [
                9.4457091,
                47.8266654
              ],
              [
                9.4451393,
                47.8268003
              ],
              [
                9.4443538,
                47.8268209
              ],
              [
                9.4443834,
                47.8264827
              ],
              [
                9.4433257,
                47.8257276
              ],
              [
                9.442768,
                47.8253536
              ],
              [
                9.4421282,
                47.8249367
              ],
              [
                9.4414016,
                47.8240162
              ],
              [
                9.4412331,
                47.8237677
              ],
              [
                9.4411032,
                47.8235597
              ],
              [
                9.4409837,
                47.823258
              ],
              [
                9.4408664,
                47.8229288
              ],
              [
                9.4407153,
                47.8225112
              ],
              [
                9.4404681,
                47.8228005
              ],
              [
                9.4403621,
                47.8229621
              ],
              [
                9.4396434,
                47.8240012
              ],
              [
                9.4393195,
                47.8244578
              ],
              [
                9.438369,
                47.8252462
              ],
              [
                9.4381787,
                47.8252289
              ],
              [
                9.4380166,
                47.8250128
              ],
              [
                9.4359556,
                47.8246237
              ],
              [
                9.4350714,
                47.824466
              ],
              [
                9.4348606,
                47.8244283
              ],
              [
                9.4339907,
                47.8241063
              ],
              [
                9.4325746,
                47.8235149
              ],
              [
                9.4298513,
                47.82402
              ],
              [
                9.4298378,
                47.823833
              ],
              [
                9.4296382,
                47.8235737
              ],
              [
                9.4294741,
                47.8233526
              ],
              [
                9.4292993,
                47.823022
              ],
              [
                9.4291219,
                47.8229038
              ],
              [
                9.4289296,
                47.8227471
              ],
              [
                9.428682,
                47.8225639
              ],
              [
                9.4285317,
                47.8224407
              ],
              [
                9.4284382,
                47.8222961
              ],
              [
                9.4283215,
                47.8221656
              ],
              [
                9.4281724,
                47.8220766
              ],
              [
                9.4279581,
                47.8219704
              ],
              [
                9.4277547,
                47.8217888
              ],
              [
                9.4275062,
                47.8215804
              ],
              [
                9.4273594,
                47.8213704
              ],
              [
                9.4273553,
                47.8212564
              ],
              [
                9.4272885,
                47.8211889
              ],
              [
                9.4271553,
                47.8210746
              ],
              [
                9.4270484,
                47.8209347
              ],
              [
                9.4269718,
                47.8207853
              ],
              [
                9.4269047,
                47.8207133
              ],
              [
                9.4267529,
                47.820645
              ],
              [
                9.4267018,
                47.8205453
              ],
              [
                9.4265743,
                47.8204926
              ],
              [
                9.4263849,
                47.8204134
              ],
              [
                9.4261884,
                47.8203298
              ],
              [
                9.4259673,
                47.8202192
              ],
              [
                9.4258434,
                47.8200773
              ],
              [
                9.4258054,
                47.819966
              ],
              [
                9.4257182,
                47.819899
              ],
              [
                9.4256339,
                47.8198204
              ],
              [
                9.4254908,
                47.8197108
              ],
              [
                9.425346,
                47.8195533
              ],
              [
                9.425178,
                47.8194144
              ],
              [
                9.4250171,
                47.8192778
              ],
              [
                9.4246474,
                47.8190941
              ],
              [
                9.4243774,
                47.8189501
              ],
              [
                9.4241638,
                47.8188576
              ],
              [
                9.4239371,
                47.8187836
              ],
              [
                9.4238695,
                47.8186934
              ],
              [
                9.4237967,
                47.8185598
              ],
              [
                9.4236129,
                47.8184486
              ],
              [
                9.4234187,
                47.8183307
              ],
              [
                9.4232131,
                47.8182792
              ],
              [
                9.4228719,
                47.8182765
              ],
              [
                9.4227549,
                47.8183242
              ],
              [
                9.4226472,
                47.8184401
              ],
              [
                9.4224901,
                47.8186026
              ],
              [
                9.4223549,
                47.8187076
              ],
              [
                9.422182,
                47.8188041
              ],
              [
                9.4219859,
                47.8189192
              ],
              [
                9.4218686,
                47.8190491
              ],
              [
                9.4217548,
                47.819188
              ],
              [
                9.4215859,
                47.8193027
              ],
              [
                9.421396,
                47.8193972
              ],
              [
                9.4212363,
                47.8194889
              ],
              [
                9.4210366,
                47.8195927
              ],
              [
                9.4208319,
                47.8196554
              ],
              [
                9.4207523,
                47.8197047
              ],
              [
                9.4206613,
                47.8198181
              ],
              [
                9.4205709,
                47.8198539
              ],
              [
                9.4203515,
                47.8198826
              ],
              [
                9.420186,
                47.8199036
              ],
              [
                9.4198832,
                47.8200707
              ],
              [
                9.4197685,
                47.8200863
              ],
              [
                9.4196854,
                47.8200836
              ],
              [
                9.4196292,
                47.8200817
              ],
              [
                9.4195589,
                47.8200728
              ],
              [
                9.4194449,
                47.8200506
              ],
              [
                9.4192574,
                47.8200239
              ],
              [
                9.4190703,
                47.8200133
              ],
              [
                9.41865,
                47.820027
              ],
              [
                9.4184714,
                47.8200574
              ],
              [
                9.4182414,
                47.8200794
              ],
              [
                9.4179342,
                47.820121
              ],
              [
                9.4176821,
                47.8201869
              ],
              [
                9.4174073,
                47.8202828
              ],
              [
                9.417185,
                47.8203275
              ],
              [
                9.4170189,
                47.8203302
              ],
              [
                9.4167295,
                47.8202116
              ],
              [
                9.4165762,
                47.8201
              ],
              [
                9.4164859,
                47.820042
              ],
              [
                9.4162739,
                47.8199953
              ],
              [
                9.4158181,
                47.8199639
              ],
              [
                9.4154545,
                47.819947
              ],
              [
                9.4152548,
                47.819964
              ],
              [
                9.4146016,
                47.8198217
              ],
              [
                9.4142702,
                47.8197586
              ],
              [
                9.4140549,
                47.8197119
              ],
              [
                9.4136362,
                47.8194881
              ],
              [
                9.4135244,
                47.819721
              ],
              [
                9.4132374,
                47.8198728
              ],
              [
                9.4125624,
                47.820275
              ],
              [
                9.4106468,
                47.8211958
              ],
              [
                9.4099026,
                47.820676
              ],
              [
                9.4089345,
                47.8205314
              ],
              [
                9.4069002,
                47.8199002
              ],
              [
                9.4067324,
                47.8201154
              ],
              [
                9.4064091,
                47.8207811
              ],
              [
                9.4061787,
                47.8215946
              ],
              [
                9.4058426,
                47.8215696
              ],
              [
                9.4051846,
                47.8215936
              ],
              [
                9.4048502,
                47.8217137
              ],
              [
                9.4044001,
                47.8218806
              ],
              [
                9.4034626,
                47.822141
              ],
              [
                9.403197,
                47.8222075
              ],
              [
                9.4015149,
                47.822246
              ],
              [
                9.4012302,
                47.8217851
              ],
              [
                9.4010145,
                47.8215398
              ],
              [
                9.4008493,
                47.8211705
              ],
              [
                9.4008243,
                47.8209217
              ],
              [
                9.4009151,
                47.8206846
              ],
              [
                9.4010842,
                47.8204441
              ],
              [
                9.4011583,
                47.8203499
              ],
              [
                9.4027579,
                47.8195352
              ],
              [
                9.4028931,
                47.819473
              ],
              [
                9.4031547,
                47.8191296
              ],
              [
                9.4035245,
                47.8187378
              ],
              [
                9.4041753,
                47.8181028
              ],
              [
                9.4042569,
                47.8180442
              ],
              [
                9.404844,
                47.8178192
              ],
              [
                9.4048146,
                47.8177492
              ],
              [
                9.4051049,
                47.8175391
              ],
              [
                9.4048873,
                47.8174449
              ],
              [
                9.4046448,
                47.817339
              ],
              [
                9.4042511,
                47.8173488
              ],
              [
                9.4042421,
                47.8174149
              ],
              [
                9.404195,
                47.8174338
              ],
              [
                9.4042328,
                47.8174767
              ],
              [
                9.40421,
                47.8174884
              ],
              [
                9.4034221,
                47.8179127
              ],
              [
                9.4029909,
                47.8181481
              ],
              [
                9.4020782,
                47.8186224
              ],
              [
                9.4015993,
                47.8189416
              ],
              [
                9.401268,
                47.8190798
              ],
              [
                9.4006587,
                47.8192374
              ],
              [
                9.4002806,
                47.8194626
              ],
              [
                9.4000875,
                47.8194908
              ],
              [
                9.3994399,
                47.8195412
              ],
              [
                9.3987385,
                47.8196375
              ],
              [
                9.3984799,
                47.8195495
              ],
              [
                9.3983376,
                47.8195646
              ],
              [
                9.3965478,
                47.8197556
              ],
              [
                9.3964304,
                47.8199136
              ],
              [
                9.3963941,
                47.8199332
              ],
              [
                9.3945459,
                47.820932
              ],
              [
                9.3946396,
                47.8215732
              ],
              [
                9.3947786,
                47.8219539
              ],
              [
                9.3952125,
                47.8223107
              ],
              [
                9.3955126,
                47.8224899
              ],
              [
                9.3956213,
                47.8225077
              ],
              [
                9.3955052,
                47.8228163
              ],
              [
                9.3953279,
                47.8231114
              ],
              [
                9.3951964,
                47.823217
              ],
              [
                9.3948857,
                47.8233825
              ],
              [
                9.3944976,
                47.8236329
              ],
              [
                9.3940589,
                47.8239154
              ],
              [
                9.3937969,
                47.8242177
              ],
              [
                9.393634,
                47.8244101
              ],
              [
                9.3928989,
                47.8246958
              ],
              [
                9.3924302,
                47.8247354
              ],
              [
                9.391407,
                47.8246895
              ],
              [
                9.3905213,
                47.8248828
              ],
              [
                9.3895496,
                47.8249204
              ],
              [
                9.3891717,
                47.8250206
              ],
              [
                9.3887251,
                47.8250069
              ],
              [
                9.3883526,
                47.8250462
              ],
              [
                9.3875058,
                47.8251709
              ],
              [
                9.3872009,
                47.8251155
              ],
              [
                9.3866284,
                47.8244909
              ],
              [
                9.3862885,
                47.824267
              ],
              [
                9.3861341,
                47.8240858
              ],
              [
                9.3854653,
                47.8243115
              ],
              [
                9.3849167,
                47.8244967
              ],
              [
                9.3839475,
                47.8252051
              ],
              [
                9.3835759,
                47.8241671
              ],
              [
                9.383557,
                47.824048
              ],
              [
                9.3835651,
                47.8238194
              ],
              [
                9.3826016,
                47.8237621
              ],
              [
                9.3820134,
                47.8238683
              ],
              [
                9.3808687,
                47.8243158
              ],
              [
                9.3806466,
                47.8246493
              ],
              [
                9.3799157,
                47.8250315
              ],
              [
                9.3795011,
                47.8260143
              ],
              [
                9.3795121,
                47.826142
              ],
              [
                9.3796243,
                47.8268973
              ],
              [
                9.3796664,
                47.827488
              ],
              [
                9.379781,
                47.82767
              ],
              [
                9.380075,
                47.8278236
              ],
              [
                9.3810904,
                47.8281054
              ],
              [
                9.3810076,
                47.8282498
              ],
              [
                9.3810062,
                47.8283937
              ],
              [
                9.3811001,
                47.8285598
              ],
              [
                9.3810985,
                47.828681
              ],
              [
                9.3810738,
                47.8288616
              ],
              [
                9.3810249,
                47.8290057
              ],
              [
                9.3810298,
                47.8291084
              ],
              [
                9.3811171,
                47.829293
              ],
              [
                9.3813523,
                47.8295999
              ],
              [
                9.3814148,
                47.8297092
              ],
              [
                9.3813999,
                47.829916
              ],
              [
                9.3813127,
                47.8300912
              ],
              [
                9.3811719,
                47.8303739
              ],
              [
                9.380496,
                47.8310855
              ],
              [
                9.3787479,
                47.8318469
              ],
              [
                9.378194,
                47.8320464
              ],
              [
                9.3778664,
                47.8324273
              ],
              [
                9.3764542,
                47.8331615
              ],
              [
                9.3764586,
                47.833239
              ],
              [
                9.3763866,
                47.8334381
              ],
              [
                9.376283,
                47.8336543
              ],
              [
                9.3742369,
                47.8340039
              ],
              [
                9.3732957,
                47.8342162
              ],
              [
                9.3723111,
                47.8345156
              ],
              [
                9.3718718,
                47.834705
              ],
              [
                9.371421,
                47.8351092
              ],
              [
                9.3709061,
                47.8355548
              ],
              [
                9.3703946,
                47.8360072
              ],
              [
                9.3699235,
                47.8364183
              ],
              [
                9.3692461,
                47.8369058
              ],
              [
                9.3686012,
                47.8372584
              ],
              [
                9.3683921,
                47.8373919
              ],
              [
                9.3679773,
                47.8376611
              ],
              [
                9.3674999,
                47.8381316
              ],
              [
                9.3672906,
                47.8382537
              ],
              [
                9.3670545,
                47.8383965
              ],
              [
                9.3665581,
                47.8386615
              ],
              [
                9.3663462,
                47.8388635
              ],
              [
                9.3662342,
                47.8392136
              ],
              [
                9.3660602,
                47.8394702
              ],
              [
                9.3657078,
                47.8398945
              ],
              [
                9.3653451,
                47.8402937
              ],
              [
                9.3649637,
                47.8405125
              ],
              [
                9.3648222,
                47.8406274
              ],
              [
                9.3643935,
                47.8412394
              ],
              [
                9.363799,
                47.8418909
              ],
              [
                9.3634562,
                47.8422466
              ],
              [
                9.3630994,
                47.8425658
              ],
              [
                9.3628398,
                47.8427429
              ],
              [
                9.3620735,
                47.8431645
              ],
              [
                9.361658,
                47.8433857
              ],
              [
                9.3611077,
                47.8440462
              ],
              [
                9.3607633,
                47.8442489
              ],
              [
                9.3598417,
                47.8447603
              ],
              [
                9.3593106,
                47.8449614
              ],
              [
                9.3592656,
                47.8452289
              ],
              [
                9.3579821,
                47.8458859
              ],
              [
                9.3560856,
                47.8474298
              ],
              [
                9.3552553,
                47.8479384
              ],
              [
                9.3549686,
                47.8481339
              ],
              [
                9.3538592,
                47.8483903
              ],
              [
                9.3521035,
                47.8491046
              ],
              [
                9.3520626,
                47.8492576
              ],
              [
                9.3511422,
                47.8496684
              ],
              [
                9.3494541,
                47.8505631
              ],
              [
                9.349247,
                47.8505219
              ],
              [
                9.3490603,
                47.8505766
              ],
              [
                9.3484184,
                47.8506381
              ],
              [
                9.3481773,
                47.8507407
              ],
              [
                9.3478172,
                47.8510924
              ],
              [
                9.3476358,
                47.8512329
              ],
              [
                9.347198,
                47.8514916
              ],
              [
                9.3467224,
                47.8517207
              ],
              [
                9.346427,
                47.8519625
              ],
              [
                9.3461537,
                47.852316
              ],
              [
                9.3458701,
                47.8526695
              ],
              [
                9.3455339,
                47.8529161
              ],
              [
                9.3451315,
                47.8532658
              ],
              [
                9.3447085,
                47.8536066
              ],
              [
                9.3444036,
                47.8539009
              ],
              [
                9.344232,
                47.8540162
              ],
              [
                9.3439058,
                47.8540968
              ],
              [
                9.3426685,
                47.8551641
              ],
              [
                9.3413055,
                47.8559309
              ],
              [
                9.3407548,
                47.8563272
              ],
              [
                9.3403172,
                47.8567935
              ],
              [
                9.3403777,
                47.8569757
              ],
              [
                9.3396056,
                47.8575468
              ],
              [
                9.3404261,
                47.8579294
              ],
              [
                9.342357,
                47.8586267
              ],
              [
                9.3421975,
                47.8591811
              ],
              [
                9.3419212,
                47.8595689
              ],
              [
                9.341702,
                47.8599205
              ],
              [
                9.3406498,
                47.8605986
              ],
              [
                9.3394546,
                47.8612501
              ],
              [
                9.3390748,
                47.8619512
              ],
              [
                9.338531,
                47.8625893
              ],
              [
                9.3382222,
                47.8621416
              ],
              [
                9.3370692,
                47.8622292
              ],
              [
                9.3374148,
                47.8626286
              ],
              [
                9.3370531,
                47.8627315
              ],
              [
                9.3368533,
                47.8626872
              ],
              [
                9.3364679,
                47.8628222
              ],
              [
                9.3361339,
                47.8629796
              ],
              [
                9.3348683,
                47.86328
              ],
              [
                9.3340825,
                47.8636253
              ],
              [
                9.3337981,
                47.8635863
              ],
              [
                9.3332075,
                47.8634598
              ],
              [
                9.3327587,
                47.8634171
              ],
              [
                9.332287,
                47.863427
              ],
              [
                9.3320526,
                47.863404
              ],
              [
                9.3317294,
                47.8633878
              ],
              [
                9.3314609,
                47.8633805
              ],
              [
                9.3311684,
                47.8633689
              ],
              [
                9.3307986,
                47.8634193
              ],
              [
                9.3304698,
                47.8634819
              ],
              [
                9.3299589,
                47.8635903
              ],
              [
                9.3295873,
                47.8637023
              ],
              [
                9.3293543,
                47.863786
              ],
              [
                9.3290845,
                47.8638974
              ],
              [
                9.3288282,
                47.8640132
              ],
              [
                9.32863,
                47.8641354
              ],
              [
                9.3284083,
                47.8642899
              ],
              [
                9.328623,
                47.8643364
              ],
              [
                9.3285127,
                47.8644105
              ],
              [
                9.3282905,
                47.8645599
              ],
              [
                9.3280924,
                47.8647028
              ],
              [
                9.3279187,
                47.864875
              ],
              [
                9.3276629,
                47.8652574
              ],
              [
                9.3276469,
                47.8652854
              ],
              [
                9.327231,
                47.8649709
              ],
              [
                9.3255804,
                47.8636481
              ],
              [
                9.3247982,
                47.8646699
              ],
              [
                9.3235551,
                47.8665357
              ],
              [
                9.3234588,
                47.8666779
              ],
              [
                9.3233651,
                47.8667607
              ],
              [
                9.3232606,
                47.8668093
              ],
              [
                9.3231186,
                47.8668467
              ],
              [
                9.3229628,
                47.866866
              ],
              [
                9.3228204,
                47.8668807
              ],
              [
                9.3226782,
                47.8669113
              ],
              [
                9.321607,
                47.8674455
              ],
              [
                9.3213085,
                47.8672536
              ],
              [
                9.3210927,
                47.8671408
              ],
              [
                9.3207746,
                47.8669968
              ],
              [
                9.3205556,
                47.8668887
              ],
              [
                9.3203356,
                47.8667236
              ],
              [
                9.3200706,
                47.866504
              ],
              [
                9.3198299,
                47.8663207
              ],
              [
                9.3195709,
                47.8660486
              ],
              [
                9.3193762,
                47.8657623
              ],
              [
                9.3175737,
                47.8649502
              ],
              [
                9.3172381,
                47.8654134
              ],
              [
                9.316758,
                47.8655421
              ],
              [
                9.3163904,
                47.8661265
              ],
              [
                9.3161959,
                47.8660661
              ],
              [
                9.3161781,
                47.8660137
              ],
              [
                9.3161012,
                47.8658751
              ],
              [
                9.3159871,
                47.8657525
              ],
              [
                9.3154669,
                47.8652881
              ],
              [
                9.3138432,
                47.8639705
              ],
              [
                9.3132582,
                47.8634882
              ],
              [
                9.3127178,
                47.8630239
              ],
              [
                9.3115162,
                47.8619959
              ],
              [
                9.3091376,
                47.8610937
              ],
              [
                9.3076958,
                47.8607708
              ],
              [
                9.3076741,
                47.8606639
              ],
              [
                9.3059149,
                47.8602133
              ],
              [
                9.3047687,
                47.8597426
              ],
              [
                9.3051096,
                47.8589488
              ],
              [
                9.3055202,
                47.858554
              ],
              [
                9.3056987,
                47.8583802
              ],
              [
                9.305857,
                47.8581506
              ],
              [
                9.3059328,
                47.8578125
              ],
              [
                9.3053634,
                47.8578521
              ],
              [
                9.304574,
                47.85804
              ],
              [
                9.3033701,
                47.858417
              ],
              [
                9.3021568,
                47.8585296
              ],
              [
                9.3008733,
                47.8593414
              ],
              [
                9.2993816,
                47.8605228
              ],
              [
                9.2981729,
                47.8605593
              ],
              [
                9.2976006,
                47.8605649
              ],
              [
                9.2972497,
                47.8606307
              ],
              [
                9.2966593,
                47.860864
              ],
              [
                9.2960279,
                47.8611459
              ],
              [
                9.2929194,
                47.8612244
              ],
              [
                9.2928126,
                47.8612051
              ],
              [
                9.2918446,
                47.8600436
              ],
              [
                9.2910771,
                47.8596255
              ],
              [
                9.2900523,
                47.8590061
              ],
              [
                9.2893699,
                47.8589948
              ],
              [
                9.2889755,
                47.8589749
              ],
              [
                9.2888055,
                47.8589615
              ],
              [
                9.2885778,
                47.8589779
              ],
              [
                9.2883332,
                47.8590171
              ],
              [
                9.2879968,
                47.8590588
              ],
              [
                9.2877082,
                47.8591073
              ],
              [
                9.28745,
                47.8591672
              ],
              [
                9.2871853,
                47.8592568
              ],
              [
                9.2868731,
                47.8593899
              ],
              [
                9.2866322,
                47.8595115
              ],
              [
                9.2863033,
                47.8596766
              ],
              [
                9.2859774,
                47.8598098
              ],
              [
                9.285672,
                47.8599223
              ],
              [
                9.2854209,
                47.8600256
              ],
              [
                9.2852139,
                47.8601219
              ],
              [
                9.28499,
                47.8602412
              ],
              [
                9.2847697,
                47.8603764
              ],
              [
                9.2845325,
                47.8605437
              ],
              [
                9.2843565,
                47.8607132
              ],
              [
                9.2842347,
                47.8608482
              ],
              [
                9.2841468,
                47.8609786
              ],
              [
                9.2840423,
                47.86118
              ],
              [
                9.2839616,
                47.8613836
              ],
              [
                9.283891,
                47.861562
              ],
              [
                9.2838407,
                47.8617313
              ],
              [
                9.2838106,
                47.8618502
              ],
              [
                9.2838044,
                47.8619873
              ],
              [
                9.2837949,
                47.8621451
              ],
              [
                9.2838055,
                47.8622593
              ],
              [
                9.2838436,
                47.8624033
              ],
              [
                9.2839191,
                47.8625746
              ],
              [
                9.2839908,
                47.8626705
              ],
              [
                9.2841171,
                47.8627572
              ],
              [
                9.2842909,
                47.8628598
              ],
              [
                9.2852143,
                47.8633656
              ],
              [
                9.2857019,
                47.8637101
              ],
              [
                9.2859195,
                47.8638121
              ],
              [
                9.285988,
                47.8638261
              ],
              [
                9.2859814,
                47.863874
              ],
              [
                9.2859445,
                47.8641483
              ],
              [
                9.2858939,
                47.864354
              ],
              [
                9.2857823,
                47.8645871
              ],
              [
                9.2856565,
                47.8645576
              ],
              [
                9.2851649,
                47.8651977
              ],
              [
                9.2839441,
                47.8649793
              ],
              [
                9.2838866,
                47.8651165
              ],
              [
                9.2827747,
                47.8649026
              ],
              [
                9.2828017,
                47.8647861
              ],
              [
                9.2818189,
                47.8646109
              ],
              [
                9.2817749,
                47.8647229
              ],
              [
                9.2812411,
                47.8646502
              ],
              [
                9.2808467,
                47.8646071
              ],
              [
                9.2804931,
                47.8645617
              ],
              [
                9.2799899,
                47.8644889
              ],
              [
                9.2794118,
                47.8643797
              ],
              [
                9.2790819,
                47.8643023
              ],
              [
                9.2789458,
                47.8642361
              ],
              [
                9.2787038,
                47.8639118
              ],
              [
                9.2778923,
                47.8643328
              ],
              [
                9.2778344,
                47.8642758
              ],
              [
                9.2776948,
                47.8641639
              ],
              [
                9.2775281,
                47.8640772
              ],
              [
                9.2772525,
                47.8639906
              ],
              [
                9.2765519,
                47.8638672
              ],
              [
                9.2764616,
                47.8641395
              ],
              [
                9.2764523,
                47.8641968
              ],
              [
                9.2764597,
                47.8642332
              ],
              [
                9.2764906,
                47.8642512
              ],
              [
                9.2765217,
                47.8642783
              ],
              [
                9.2765258,
                47.8643218
              ],
              [
                9.2765304,
                47.8643948
              ],
              [
                9.2765181,
                47.8644679
              ],
              [
                9.2765361,
                47.8645294
              ],
              [
                9.2765435,
                47.8645682
              ],
              [
                9.2765314,
                47.8646574
              ],
              [
                9.2764988,
                47.8647353
              ],
              [
                9.276446,
                47.8648201
              ],
              [
                9.2763896,
                47.8648982
              ],
              [
                9.2763232,
                47.8649924
              ],
              [
                9.2762574,
                47.8651185
              ],
              [
                9.2762321,
                47.8652234
              ],
              [
                9.2761918,
                47.8654546
              ],
              [
                9.2761773,
                47.8655986
              ],
              [
                9.2761528,
                47.8657587
              ],
              [
                9.2761073,
                47.8658823
              ],
              [
                9.276086,
                47.8660474
              ],
              [
                9.2760701,
                47.8661466
              ],
              [
                9.2760628,
                47.8662047
              ],
              [
                9.2757656,
                47.8662232
              ],
              [
                9.2754963,
                47.8662463
              ],
              [
                9.2754381,
                47.8662522
              ],
              [
                9.2753541,
                47.8662684
              ],
              [
                9.2752161,
                47.866308
              ],
              [
                9.2752519,
                47.866533
              ],
              [
                9.2750929,
                47.8666771
              ],
              [
                9.2750394,
                47.8667615
              ],
              [
                9.2749813,
                47.8668023
              ],
              [
                9.2749454,
                47.8668519
              ],
              [
                9.2748934,
                47.8669495
              ],
              [
                9.2748248,
                47.8670682
              ],
              [
                9.274736,
                47.867142
              ],
              [
                9.2747105,
                47.8672427
              ],
              [
                9.274507,
                47.8672626
              ],
              [
                9.2744186,
                47.8672564
              ],
              [
                9.2743443,
                47.8672821
              ],
              [
                9.2743145,
                47.8673235
              ],
              [
                9.2742882,
                47.8673807
              ],
              [
                9.2742345,
                47.8674177
              ],
              [
                9.2741295,
                47.8674345
              ],
              [
                9.274038,
                47.8674489
              ],
              [
                9.2739704,
                47.86747
              ],
              [
                9.2738765,
                47.8675415
              ],
              [
                9.2736343,
                47.8676873
              ],
              [
                9.2734127,
                47.8678397
              ],
              [
                9.2732947,
                47.8678885
              ],
              [
                9.2732207,
                47.867937
              ],
              [
                9.2731569,
                47.867981
              ],
              [
                9.2730861,
                47.8680112
              ],
              [
                9.2730697,
                47.8680432
              ],
              [
                9.2730368,
                47.8681052
              ],
              [
                9.2729796,
                47.8681422
              ],
              [
                9.2729155,
                47.8681655
              ],
              [
                9.2728571,
                47.8681339
              ],
              [
                9.272823,
                47.8681251
              ],
              [
                9.2727928,
                47.8681413
              ],
              [
                9.2727629,
                47.8681781
              ],
              [
                9.2727368,
                47.8682445
              ],
              [
                9.2726966,
                47.868279
              ],
              [
                9.2726427,
                47.8683024
              ],
              [
                9.2726093,
                47.8683391
              ],
              [
                9.2726065,
                47.8683757
              ],
              [
                9.2726004,
                47.8684191
              ],
              [
                9.272567,
                47.8684491
              ],
              [
                9.2725266,
                47.8684722
              ],
              [
                9.2725103,
                47.8685088
              ],
              [
                9.2725042,
                47.8685569
              ],
              [
                9.2724675,
                47.8685914
              ],
              [
                9.2724066,
                47.8686056
              ],
              [
                9.2723458,
                47.8686312
              ],
              [
                9.272336,
                47.8686518
              ],
              [
                9.2723366,
                47.8686837
              ],
              [
                9.2723101,
                47.8687251
              ],
              [
                9.272304,
                47.8687662
              ],
              [
                9.2723081,
                47.8688073
              ],
              [
                9.2723292,
                47.8688551
              ],
              [
                9.2723235,
                47.8689145
              ],
              [
                9.2723011,
                47.8689969
              ],
              [
                9.2722851,
                47.8690518
              ],
              [
                9.272296,
                47.8690973
              ],
              [
                9.2722833,
                47.86915
              ],
              [
                9.2722689,
                47.8692267
              ],
              [
                9.2721874,
                47.8692429
              ],
              [
                9.2720956,
                47.8692475
              ],
              [
                9.2720276,
                47.8692795
              ],
              [
                9.2719802,
                47.869339
              ],
              [
                9.2719463,
                47.8694006
              ],
              [
                9.2718478,
                47.8694556
              ],
              [
                9.2717799,
                47.8694693
              ],
              [
                9.2717392,
                47.8695127
              ],
              [
                9.2717018,
                47.8695516
              ],
              [
                9.2716305,
                47.8695837
              ],
              [
                9.2715932,
                47.8696317
              ],
              [
                9.2715899,
                47.8696751
              ],
              [
                9.271556,
                47.8697208
              ],
              [
                9.2715084,
                47.86973
              ],
              [
                9.2714642,
                47.8697597
              ],
              [
                9.271444,
                47.8698077
              ],
              [
                9.2713829,
                47.8698512
              ],
              [
                9.2713625,
                47.8698924
              ],
              [
                9.2713252,
                47.8699426
              ],
              [
                9.2712437,
                47.8699975
              ],
              [
                9.2711351,
                47.8700296
              ],
              [
                9.2710263,
                47.8700365
              ],
              [
                9.2709378,
                47.870032
              ],
              [
                9.2708835,
                47.870048
              ],
              [
                9.2708734,
                47.8700915
              ],
              [
                9.2708565,
                47.8701623
              ],
              [
                9.2708294,
                47.8702355
              ],
              [
                9.2708261,
                47.8702971
              ],
              [
                9.2706799,
                47.8703087
              ],
              [
                9.2706835,
                47.8704137
              ],
              [
                9.2706974,
                47.8705074
              ],
              [
                9.2707111,
                47.8705943
              ],
              [
                9.270708,
                47.8707427
              ],
              [
                9.2706235,
                47.8710513
              ],
              [
                9.270575,
                47.8711841
              ],
              [
                9.2705945,
                47.871337
              ],
              [
                9.2706144,
                47.8715012
              ],
              [
                9.2706648,
                47.8716743
              ],
              [
                9.2707263,
                47.8718909
              ],
              [
                9.2707908,
                47.8720958
              ],
              [
                9.27083,
                47.8722075
              ],
              [
                9.2708077,
                47.8722898
              ],
              [
                9.2707754,
                47.8723883
              ],
              [
                9.2707125,
                47.8724869
              ],
              [
                9.2706875,
                47.8726149
              ],
              [
                9.2706859,
                47.8726608
              ],
              [
                9.2706829,
                47.8727428
              ],
              [
                9.2706853,
                47.8728844
              ],
              [
                9.2707319,
                47.8730279
              ],
              [
                9.2707819,
                47.8731691
              ],
              [
                9.2708078,
                47.8732945
              ],
              [
                9.2707625,
                47.8734296
              ],
              [
                9.2707211,
                47.8735966
              ],
              [
                9.2706624,
                47.8737455
              ],
              [
                9.2705933,
                47.8738694
              ],
              [
                9.2704696,
                47.8739913
              ],
              [
                9.2703658,
                47.8740789
              ],
              [
                9.2703096,
                47.8741775
              ],
              [
                9.2702466,
                47.8742693
              ],
              [
                9.2701883,
                47.8744365
              ],
              [
                9.270192,
                47.8745051
              ],
              [
                9.2702834,
                47.8746556
              ],
              [
                9.2704308,
                47.8753474
              ],
              [
                9.2703606,
                47.8756634
              ],
              [
                9.2703509,
                47.8757663
              ],
              [
                9.2703039,
                47.8759057
              ],
              [
                9.2702673,
                47.8760543
              ],
              [
                9.2702543,
                47.8761846
              ],
              [
                9.2702412,
                47.8762898
              ],
              [
                9.2702417,
                47.8763994
              ],
              [
                9.2702864,
                47.8764976
              ],
              [
                9.2703445,
                47.8765821
              ],
              [
                9.2704011,
                47.87664
              ],
              [
                9.2704402,
                47.8766802
              ],
              [
                9.2706278,
                47.8768147
              ],
              [
                9.2708833,
                47.8769605
              ],
              [
                9.2710472,
                47.8770974
              ],
              [
                9.2711258,
                47.8772024
              ],
              [
                9.27115,
                47.8772846
              ],
              [
                9.2711469,
                47.8773623
              ],
              [
                9.2710794,
                47.8774332
              ],
              [
                9.2709744,
                47.877534
              ],
              [
                9.2708425,
                47.8776577
              ],
              [
                9.2707953,
                47.8777376
              ],
              [
                9.2707549,
                47.8778314
              ],
              [
                9.2707386,
                47.8779571
              ],
              [
                9.2707398,
                47.8782223
              ],
              [
                9.2707849,
                47.8787241
              ],
              [
                9.2704911,
                47.8791559
              ],
              [
                9.270355,
                47.8793495
              ],
              [
                9.2702763,
                47.8795043
              ],
              [
                9.2702233,
                47.8796993
              ],
              [
                9.2701766,
                47.8798731
              ],
              [
                9.2701334,
                47.8800697
              ],
              [
                9.2700458,
                47.8802458
              ],
              [
                9.2699142,
                47.8804448
              ],
              [
                9.2697348,
                47.880605
              ],
              [
                9.2696096,
                47.8807149
              ],
              [
                9.269508,
                47.880786
              ],
              [
                9.2694299,
                47.8808089
              ],
              [
                9.2693349,
                47.8808571
              ],
              [
                9.2692164,
                47.8809464
              ],
              [
                9.2690569,
                47.8809946
              ],
              [
                9.2689594,
                47.8810205
              ],
              [
                9.2689007,
                47.881036
              ],
              [
                9.2687312,
                47.8811186
              ],
              [
                9.2686466,
                47.881201
              ],
              [
                9.2685823,
                47.8812879
              ],
              [
                9.2684944,
                47.8813818
              ],
              [
                9.2683893,
                47.8814298
              ],
              [
                9.2682908,
                47.8814574
              ],
              [
                9.2682673,
                47.8815146
              ],
              [
                9.2682744,
                47.8815763
              ],
              [
                9.2682273,
                47.8816861
              ],
              [
                9.2681393,
                47.8817593
              ],
              [
                9.2680582,
                47.8818531
              ],
              [
                9.2679804,
                47.8819287
              ],
              [
                9.2678786,
                47.8819723
              ],
              [
                9.2677123,
                47.8820205
              ],
              [
                9.2675289,
                47.8820574
              ],
              [
                9.2673726,
                47.8820827
              ],
              [
                9.2672333,
                47.8820967
              ],
              [
                9.2671007,
                47.8820946
              ],
              [
                9.2670294,
                47.8820764
              ],
              [
                9.2669578,
                47.8820492
              ],
              [
                9.2669407,
                47.8820218
              ],
              [
                9.2668895,
                47.8820013
              ],
              [
                9.2668285,
                47.8820151
              ],
              [
                9.2667469,
                47.8820129
              ],
              [
                9.2666414,
                47.882004
              ],
              [
                9.2665495,
                47.8819744
              ],
              [
                9.2664576,
                47.8819448
              ],
              [
                9.266376,
                47.8819243
              ],
              [
                9.2662876,
                47.881929
              ],
              [
                9.2662299,
                47.8819589
              ],
              [
                9.2661824,
                47.8819864
              ],
              [
                9.2661247,
                47.8819979
              ],
              [
                9.2660295,
                47.8819958
              ],
              [
                9.2658698,
                47.8819914
              ],
              [
                9.2657203,
                47.8819894
              ],
              [
                9.2655571,
                47.8820034
              ],
              [
                9.2653498,
                47.8820128
              ],
              [
                9.2650609,
                47.8820225
              ],
              [
                9.2646597,
                47.8820002
              ],
              [
                9.2642111,
                47.8819872
              ],
              [
                9.2641513,
                47.8819865
              ],
              [
                9.2638609,
                47.8819831
              ],
              [
                9.2635753,
                47.8819882
              ],
              [
                9.2632933,
                47.8820092
              ],
              [
                9.2632006,
                47.8820205
              ],
              [
                9.2629333,
                47.8820532
              ],
              [
                9.2625868,
                47.8820926
              ],
              [
                9.2620974,
                47.8821436
              ],
              [
                9.2618121,
                47.8821692
              ],
              [
                9.2616557,
                47.8821808
              ],
              [
                9.2614483,
                47.8821651
              ],
              [
                9.2611797,
                47.8821381
              ],
              [
                9.2609042,
                47.8821043
              ],
              [
                9.260707,
                47.8820932
              ],
              [
                9.2602924,
                47.8821007
              ],
              [
                9.2600512,
                47.8821421
              ],
              [
                9.2597896,
                47.882154
              ],
              [
                9.2595855,
                47.8821452
              ],
              [
                9.2593271,
                47.8821158
              ],
              [
                9.2591195,
                47.8820842
              ],
              [
                9.2589393,
                47.882057
              ],
              [
                9.2587697,
                47.8819972
              ],
              [
                9.2586363,
                47.88195
              ],
              [
                9.2583029,
                47.8818614
              ],
              [
                9.2579387,
                47.8817911
              ],
              [
                9.257721,
                47.8817275
              ],
              [
                9.257544,
                47.881666
              ],
              [
                9.2573737,
                47.8815932
              ],
              [
                9.2571623,
                47.8814655
              ],
              [
                9.256944,
                47.8813059
              ],
              [
                9.2567395,
                47.8811553
              ],
              [
                9.2566201,
                47.8810778
              ],
              [
                9.2564976,
                47.8810369
              ],
              [
                9.2564057,
                47.881021
              ],
              [
                9.2563815,
                47.8809205
              ],
              [
                9.2563505,
                47.8808475
              ],
              [
                9.256313,
                47.8807926
              ],
              [
                9.2562721,
                47.8807676
              ],
              [
                9.2561769,
                47.8807654
              ],
              [
                9.2559493,
                47.8807863
              ],
              [
                9.2558949,
                47.8807818
              ],
              [
                9.2558302,
                47.8807568
              ],
              [
                9.2557448,
                47.8806998
              ],
              [
                9.2556801,
                47.8806427
              ],
              [
                9.2556086,
                47.8806155
              ],
              [
                9.2555201,
                47.8805927
              ],
              [
                9.2554792,
                47.8805585
              ],
              [
                9.2554483,
                47.8805037
              ],
              [
                9.255353,
                47.8804673
              ],
              [
                9.2552271,
                47.8804332
              ],
              [
                9.2551556,
                47.8804196
              ],
              [
                9.2551251,
                47.880447
              ],
              [
                9.2551389,
                47.8804836
              ],
              [
                9.2551459,
                47.8805384
              ],
              [
                9.2551258,
                47.8805864
              ],
              [
                9.2550748,
                47.8806025
              ],
              [
                9.2550034,
                47.8806026
              ],
              [
                9.2549422,
                47.8805844
              ],
              [
                9.2549149,
                47.8805479
              ],
              [
                9.2548909,
                47.8805
              ],
              [
                9.2548568,
                47.8804657
              ],
              [
                9.2547955,
                47.8804498
              ],
              [
                9.2546832,
                47.8804271
              ],
              [
                9.2546117,
                47.8804181
              ],
              [
                9.2544619,
                47.8803429
              ],
              [
                9.2543598,
                47.8803225
              ],
              [
                9.2542749,
                47.8803295
              ],
              [
                9.2542036,
                47.8803479
              ],
              [
                9.2541188,
                47.8803891
              ],
              [
                9.2540613,
                47.8804417
              ],
              [
                9.254,
                47.8804373
              ],
              [
                9.2539557,
                47.8804008
              ],
              [
                9.2539012,
                47.8803643
              ],
              [
                9.2537718,
                47.8803188
              ],
              [
                9.2537038,
                47.8803098
              ],
              [
                9.2536699,
                47.8803441
              ],
              [
                9.2535953,
                47.8803716
              ],
              [
                9.2535205,
                47.88039
              ],
              [
                9.2534835,
                47.8804426
              ],
              [
                9.2534326,
                47.8804769
              ],
              [
                9.2533681,
                47.8804976
              ],
              [
                9.2533172,
                47.8805091
              ],
              [
                9.253283,
                47.880484
              ],
              [
                9.2532796,
                47.8804635
              ],
              [
                9.2532862,
                47.8804361
              ],
              [
                9.2532658,
                47.8804087
              ],
              [
                9.2532146,
                47.8803927
              ],
              [
                9.2531502,
                47.8804271
              ],
              [
                9.2530825,
                47.8804592
              ],
              [
                9.2529974,
                47.8804593
              ],
              [
                9.2529566,
                47.8804365
              ],
              [
                9.252902,
                47.8804
              ],
              [
                9.2528442,
                47.8803887
              ],
              [
                9.2527796,
                47.880382
              ],
              [
                9.2527149,
                47.8803592
              ],
              [
                9.2526739,
                47.8803227
              ],
              [
                9.2526602,
                47.8802884
              ],
              [
                9.2526804,
                47.8802587
              ],
              [
                9.2527211,
                47.8802404
              ],
              [
                9.2527414,
                47.880206
              ],
              [
                9.2527173,
                47.8801535
              ],
              [
                9.2527027,
                47.8801452
              ],
              [
                9.2526526,
                47.880117
              ],
              [
                9.2525982,
                47.8801011
              ],
              [
                9.2525404,
                47.8801172
              ],
              [
                9.252452,
                47.880106
              ],
              [
                9.252374,
                47.8801129
              ],
              [
                9.2522752,
                47.8800947
              ],
              [
                9.2522071,
                47.8800537
              ],
              [
                9.2521152,
                47.8800241
              ],
              [
                9.2520269,
                47.8800242
              ],
              [
                9.2519247,
                47.8799924
              ],
              [
                9.25186,
                47.8799582
              ],
              [
                9.2518394,
                47.8799126
              ],
              [
                9.2518426,
                47.8798783
              ],
              [
                9.2518323,
                47.8798532
              ],
              [
                9.251788,
                47.8798235
              ],
              [
                9.2516894,
                47.8798259
              ],
              [
                9.2515737,
                47.8797941
              ],
              [
                9.2515396,
                47.8797553
              ],
              [
                9.2515564,
                47.879721
              ],
              [
                9.2515427,
                47.879689
              ],
              [
                9.2514747,
                47.8796914
              ],
              [
                9.2514034,
                47.8797029
              ],
              [
                9.2513356,
                47.8797351
              ],
              [
                9.2512643,
                47.8797488
              ],
              [
                9.251159,
                47.8797605
              ],
              [
                9.2511112,
                47.8797308
              ],
              [
                9.2510498,
                47.8796943
              ],
              [
                9.2509955,
                47.8796761
              ],
              [
                9.2509411,
                47.8796807
              ],
              [
                9.2508934,
                47.8796648
              ],
              [
                9.250849,
                47.8796421
              ],
              [
                9.2508081,
                47.8796056
              ],
              [
                9.250747,
                47.8795988
              ],
              [
                9.2506892,
                47.8795965
              ],
              [
                9.250643,
                47.8795995
              ],
              [
                9.2505614,
                47.8796018
              ],
              [
                9.2505172,
                47.8795628
              ],
              [
                9.2504866,
                47.879508
              ],
              [
                9.2504594,
                47.8794691
              ],
              [
                9.2503302,
                47.8793776
              ],
              [
                9.250184,
                47.8793066
              ],
              [
                9.2500923,
                47.8792518
              ],
              [
                9.2499904,
                47.8792105
              ],
              [
                9.2499055,
                47.8792105
              ],
              [
                9.2498035,
                47.8792082
              ],
              [
                9.2497628,
                47.879222
              ],
              [
                9.2497593,
                47.879254
              ],
              [
                9.249773,
                47.8792906
              ],
              [
                9.2497696,
                47.8793158
              ],
              [
                9.2496949,
                47.8793158
              ],
              [
                9.2496439,
                47.8793249
              ],
              [
                9.2496066,
                47.8793524
              ],
              [
                9.2495659,
                47.8793912
              ],
              [
                9.2495624,
                47.8794301
              ],
              [
                9.2495081,
                47.8794484
              ],
              [
                9.2494708,
                47.8794393
              ],
              [
                9.2494129,
                47.8794141
              ],
              [
                9.2493484,
                47.8794049
              ],
              [
                9.2492257,
                47.8794439
              ],
              [
                9.249015,
                47.8793818
              ],
              [
                9.248937,
                47.8793384
              ],
              [
                9.2488758,
                47.8793268
              ],
              [
                9.2488214,
                47.8793268
              ],
              [
                9.2488008,
                47.8793541
              ],
              [
                9.2487804,
                47.8793838
              ],
              [
                9.2487294,
                47.8793905
              ],
              [
                9.2485458,
                47.8793445
              ],
              [
                9.2484848,
                47.8793216
              ],
              [
                9.2484475,
                47.8792919
              ],
              [
                9.2484237,
                47.879253
              ],
              [
                9.2483699,
                47.8791228
              ],
              [
                9.2483124,
                47.8790313
              ],
              [
                9.2482616,
                47.8789833
              ],
              [
                9.2481767,
                47.8789511
              ],
              [
                9.2480781,
                47.878935
              ],
              [
                9.247959,
                47.8789371
              ],
              [
                9.2478569,
                47.8789666
              ],
              [
                9.2477615,
                47.8790098
              ],
              [
                9.2476628,
                47.8790256
              ],
              [
                9.2475608,
                47.8790346
              ],
              [
                9.247469,
                47.8790184
              ],
              [
                9.2473738,
                47.8789886
              ],
              [
                9.2472686,
                47.8789428
              ],
              [
                9.2471633,
                47.8788946
              ],
              [
                9.247041,
                47.8788625
              ],
              [
                9.2469119,
                47.8788416
              ],
              [
                9.2467182,
                47.8788139
              ],
              [
                9.2465516,
                47.8787863
              ],
              [
                9.2463918,
                47.8787517
              ],
              [
                9.2462357,
                47.8786784
              ],
              [
                9.2460964,
                47.8786325
              ],
              [
                9.2458212,
                47.8785521
              ],
              [
                9.2454883,
                47.878442
              ],
              [
                9.2452743,
                47.8784118
              ],
              [
                9.2451008,
                47.8784116
              ],
              [
                9.2449205,
                47.8784227
              ],
              [
                9.2447605,
                47.8784566
              ],
              [
                9.2446175,
                47.8784815
              ],
              [
                9.2445563,
                47.8784882
              ],
              [
                9.2445189,
                47.8784653
              ],
              [
                9.2444987,
                47.878431
              ],
              [
                9.2444716,
                47.8784013
              ],
              [
                9.2444344,
                47.8783693
              ],
              [
                9.2443528,
                47.87836
              ],
              [
                9.2442065,
                47.8783552
              ],
              [
                9.2440909,
                47.8783367
              ],
              [
                9.2437305,
                47.8782904
              ],
              [
                9.2436218,
                47.8782606
              ],
              [
                9.2434624,
                47.8781849
              ],
              [
                9.2433266,
                47.8781116
              ],
              [
                9.2432214,
                47.8780315
              ],
              [
                9.2431297,
                47.8780176
              ],
              [
                9.2430446,
                47.8780358
              ],
              [
                9.2429697,
                47.8780767
              ],
              [
                9.2428912,
                47.8781154
              ],
              [
                9.2427654,
                47.8781175
              ],
              [
                9.2426022,
                47.8780966
              ],
              [
                9.2424356,
                47.8780872
              ],
              [
                9.2421772,
                47.8780616
              ],
              [
                9.2420718,
                47.87805
              ],
              [
                9.2419936,
                47.8780681
              ],
              [
                9.241922,
                47.8780955
              ],
              [
                9.2418708,
                47.8781205
              ],
              [
                9.2418096,
                47.8781249
              ],
              [
                9.2417348,
                47.8781111
              ],
              [
                9.2416941,
                47.8780995
              ],
              [
                9.2416125,
                47.8780675
              ],
              [
                9.2414801,
                47.8780261
              ],
              [
                9.2413782,
                47.8780122
              ],
              [
                9.2412285,
                47.8780006
              ],
              [
                9.2410959,
                47.8780163
              ],
              [
                9.2409836,
                47.8780138
              ],
              [
                9.2408782,
                47.8780022
              ],
              [
                9.2407796,
                47.8779929
              ],
              [
                9.2406434,
                47.8780338
              ],
              [
                9.2405752,
                47.8781022
              ],
              [
                9.2405376,
                47.8781317
              ],
              [
                9.2404865,
                47.8781363
              ],
              [
                9.2404322,
                47.878127
              ],
              [
                9.2403948,
                47.8781018
              ],
              [
                9.2403678,
                47.8780675
              ],
              [
                9.2403408,
                47.8780218
              ],
              [
                9.2402831,
                47.8779692
              ],
              [
                9.2401677,
                47.8779141
              ],
              [
                9.2400999,
                47.8778775
              ],
              [
                9.2400524,
                47.8778455
              ],
              [
                9.2399742,
                47.8778294
              ],
              [
                9.2398824,
                47.8778246
              ],
              [
                9.239777,
                47.8778061
              ],
              [
                9.2397432,
                47.877781
              ],
              [
                9.2396922,
                47.8777649
              ],
              [
                9.2396243,
                47.8777602
              ],
              [
                9.2395528,
                47.8777715
              ],
              [
                9.2394541,
                47.8777759
              ],
              [
                9.2393623,
                47.8777712
              ],
              [
                9.2392433,
                47.8777504
              ],
              [
                9.2391414,
                47.8777365
              ],
              [
                9.2390088,
                47.8776906
              ],
              [
                9.238907,
                47.8776699
              ],
              [
                9.2388151,
                47.8776766
              ],
              [
                9.2387335,
                47.8776924
              ],
              [
                9.2386722,
                47.8777106
              ],
              [
                9.2385735,
                47.8777081
              ],
              [
                9.238441,
                47.8776667
              ],
              [
                9.2382951,
                47.8775797
              ],
              [
                9.2382342,
                47.8775111
              ],
              [
                9.2381357,
                47.8774607
              ],
              [
                9.2380339,
                47.8774172
              ],
              [
                9.237949,
                47.8773873
              ],
              [
                9.2378948,
                47.8773576
              ],
              [
                9.2378711,
                47.8773233
              ],
              [
                9.2378611,
                47.8772662
              ],
              [
                9.2378512,
                47.8771839
              ],
              [
                9.2378311,
                47.8771154
              ],
              [
                9.2378109,
                47.8770629
              ],
              [
                9.2377464,
                47.8770605
              ],
              [
                9.237685,
                47.8770649
              ],
              [
                9.2376272,
                47.8770579
              ],
              [
                9.2376137,
                47.8770329
              ],
              [
                9.2376343,
                47.8770009
              ],
              [
                9.237662,
                47.876889
              ],
              [
                9.2376486,
                47.876832
              ],
              [
                9.2375911,
                47.8767383
              ],
              [
                9.2375097,
                47.8766833
              ],
              [
                9.2374488,
                47.8766489
              ],
              [
                9.2374218,
                47.8765987
              ],
              [
                9.2374731,
                47.8765075
              ],
              [
                9.2374869,
                47.8764778
              ],
              [
                9.2374666,
                47.8764549
              ],
              [
                9.2373816,
                47.8764342
              ],
              [
                9.237334,
                47.8764136
              ],
              [
                9.2373171,
                47.8763907
              ],
              [
                9.237324,
                47.8763588
              ],
              [
                9.2372834,
                47.8763267
              ],
              [
                9.2372325,
                47.8762992
              ],
              [
                9.2372123,
                47.8762558
              ],
              [
                9.2371716,
                47.8762238
              ],
              [
                9.2371105,
                47.8762008
              ],
              [
                9.2370595,
                47.8761916
              ],
              [
                9.236995,
                47.8761778
              ],
              [
                9.2369543,
                47.8760984
              ],
              [
                9.2370577,
                47.8760294
              ],
              [
                9.237057,
                47.8759633
              ],
              [
                9.2370743,
                47.8759085
              ],
              [
                9.2370574,
                47.8758765
              ],
              [
                9.2370337,
                47.8758468
              ],
              [
                9.2370033,
                47.8758193
              ],
              [
                9.236966,
                47.8757873
              ],
              [
                9.2372386,
                47.8756348
              ],
              [
                9.2375079,
                47.8755189
              ],
              [
                9.2376544,
                47.8754529
              ],
              [
                9.2377668,
                47.8754052
              ],
              [
                9.2378962,
                47.875362
              ],
              [
                9.238012,
                47.8753394
              ],
              [
                9.2381481,
                47.8752986
              ],
              [
                9.2383717,
                47.8752803
              ],
              [
                9.238417,
                47.875258
              ],
              [
                9.2384362,
                47.8752461
              ],
              [
                9.2385125,
                47.8751988
              ],
              [
                9.2386318,
                47.8751305
              ],
              [
                9.2387648,
                47.8750554
              ],
              [
                9.2388602,
                47.8750167
              ],
              [
                9.2388809,
                47.8749163
              ],
              [
                9.238926,
                47.8747914
              ],
              [
                9.2388936,
                47.8746631
              ],
              [
                9.2388709,
                47.874599
              ],
              [
                9.2387971,
                47.8744408
              ],
              [
                9.2388151,
                47.8743979
              ],
              [
                9.2388801,
                47.8743614
              ],
              [
                9.2388936,
                47.874325
              ],
              [
                9.2389042,
                47.8742382
              ],
              [
                9.2388876,
                47.8741195
              ],
              [
                9.2388955,
                47.8739273
              ],
              [
                9.2388771,
                47.8738406
              ],
              [
                9.2388232,
                47.8736743
              ],
              [
                9.2387701,
                47.8735401
              ],
              [
                9.2387472,
                47.8733941
              ],
              [
                9.2387419,
                47.8732754
              ],
              [
                9.2387675,
                47.8731862
              ],
              [
                9.2388236,
                47.8730876
              ],
              [
                9.2389413,
                47.8730091
              ],
              [
                9.2391031,
                47.8729326
              ],
              [
                9.2392147,
                47.8728975
              ],
              [
                9.2393093,
                47.8728694
              ],
              [
                9.2393798,
                47.8728164
              ],
              [
                9.2394777,
                47.8727657
              ],
              [
                9.239543,
                47.8727331
              ],
              [
                9.2396083,
                47.8726981
              ],
              [
                9.2398765,
                47.8726461
              ],
              [
                9.2400123,
                47.8726383
              ],
              [
                9.2401075,
                47.8726444
              ],
              [
                9.2402062,
                47.8726482
              ],
              [
                9.2402944,
                47.872643
              ],
              [
                9.2404133,
                47.8726376
              ],
              [
                9.2405351,
                47.872607
              ],
              [
                9.2410046,
                47.8724369
              ],
              [
                9.2411449,
                47.8722897
              ],
              [
                9.2418903,
                47.8719555
              ],
              [
                9.2437579,
                47.871087
              ],
              [
                9.2445186,
                47.8707074
              ],
              [
                9.2453028,
                47.8694021
              ],
              [
                9.2460805,
                47.8695758
              ],
              [
                9.2463906,
                47.8696371
              ],
              [
                9.2467451,
                47.8697049
              ],
              [
                9.2472122,
                47.8697945
              ],
              [
                9.2482218,
                47.8699495
              ],
              [
                9.2487524,
                47.8700337
              ],
              [
                9.2493474,
                47.8701568
              ],
              [
                9.2500649,
                47.8702959
              ],
              [
                9.2507043,
                47.8704189
              ],
              [
                9.2507992,
                47.8703092
              ],
              [
                9.25085,
                47.8700875
              ],
              [
                9.2509175,
                47.869843
              ],
              [
                9.2509378,
                47.8697333
              ],
              [
                9.2509581,
                47.8696099
              ],
              [
                9.2509375,
                47.8695003
              ],
              [
                9.250944,
                47.8692992
              ],
              [
                9.2509879,
                47.8691049
              ],
              [
                9.2510455,
                47.8689084
              ],
              [
                9.2510623,
                47.868765
              ],
              [
                9.2510689,
                47.8687073
              ],
              [
                9.2510586,
                47.8686114
              ],
              [
                9.2510074,
                47.8684972
              ],
              [
                9.2509597,
                47.8684195
              ],
              [
                9.2509815,
                47.8683325
              ],
              [
                9.2510507,
                47.8678855
              ],
              [
                9.2510965,
                47.8675837
              ],
              [
                9.251152,
                47.8672546
              ],
              [
                9.2511374,
                47.8669921
              ],
              [
                9.2510792,
                47.8667666
              ],
              [
                9.2509855,
                47.8666463
              ],
              [
                9.2508821,
                47.8665649
              ],
              [
                9.2507586,
                47.866495
              ],
              [
                9.2506885,
                47.8664081
              ],
              [
                9.2501573,
                47.8662903
              ],
              [
                9.2498619,
                47.8660865
              ],
              [
                9.2497064,
                47.8660191
              ],
              [
                9.2494892,
                47.8654883
              ],
              [
                9.2488714,
                47.8656394
              ],
              [
                9.2486646,
                47.8656467
              ],
              [
                9.2484946,
                47.8656742
              ],
              [
                9.2482226,
                47.8656713
              ],
              [
                9.2479951,
                47.8656948
              ],
              [
                9.2476963,
                47.8657505
              ],
              [
                9.2473298,
                47.8658748
              ],
              [
                9.247106,
                47.8659349
              ],
              [
                9.2468918,
                47.8659629
              ],
              [
                9.2466736,
                47.8659613
              ],
              [
                9.2461805,
                47.8658486
              ],
              [
                9.2458197,
                47.8657766
              ],
              [
                9.245557,
                47.86571
              ],
              [
                9.2453162,
                47.8657383
              ],
              [
                9.2446891,
                47.8656808
              ],
              [
                9.2438814,
                47.8656341
              ],
              [
                9.2437547,
                47.8655298
              ],
              [
                9.2436495,
                47.8654331
              ],
              [
                9.2435701,
                47.8653593
              ],
              [
                9.2433434,
                47.8652425
              ],
              [
                9.2430126,
                47.86513
              ],
              [
                9.2427807,
                47.8648694
              ],
              [
                9.243024,
                47.8645667
              ],
              [
                9.2429849,
                47.8643009
              ],
              [
                9.2430103,
                47.8636952
              ],
              [
                9.24303,
                47.8633419
              ],
              [
                9.2432716,
                47.8630893
              ],
              [
                9.2433371,
                47.8629661
              ],
              [
                9.2433876,
                47.8628708
              ],
              [
                9.2434727,
                47.8627601
              ],
              [
                9.2435387,
                47.8626907
              ],
              [
                9.2436086,
                47.8626441
              ],
              [
                9.2437096,
                47.8626085
              ],
              [
                9.2438043,
                47.8625936
              ],
              [
                9.2439529,
                47.8625642
              ],
              [
                9.2440606,
                47.8625239
              ],
              [
                9.24413,
                47.862459
              ],
              [
                9.2441889,
                47.8623806
              ],
              [
                9.2442929,
                47.8623336
              ],
              [
                9.2443832,
                47.8622844
              ],
              [
                9.2444228,
                47.8622451
              ],
              [
                9.2444382,
                47.86219
              ],
              [
                9.244449,
                47.8620963
              ],
              [
                9.244454,
                47.8620322
              ],
              [
                9.2444859,
                47.8619633
              ],
              [
                9.2446097,
                47.8618977
              ],
              [
                9.2447678,
                47.861843
              ],
              [
                9.2449328,
                47.8617884
              ],
              [
                9.2451042,
                47.8617222
              ],
              [
                9.2452555,
                47.8616676
              ],
              [
                9.2454509,
                47.8616079
              ],
              [
                9.2455752,
                47.8615583
              ],
              [
                9.2456646,
                47.8614817
              ],
              [
                9.2456935,
                47.8614219
              ],
              [
                9.2457428,
                47.8613665
              ],
              [
                9.2458192,
                47.8613083
              ],
              [
                9.2459769,
                47.8612332
              ],
              [
                9.2460867,
                47.8611564
              ],
              [
                9.2461925,
                47.8610545
              ],
              [
                9.2462905,
                47.860923
              ],
              [
                9.2463747,
                47.8607803
              ],
              [
                9.2464793,
                47.8606396
              ],
              [
                9.2465708,
                47.8605151
              ],
              [
                9.2466054,
                47.860336
              ],
              [
                9.246657,
                47.8602062
              ],
              [
                9.2460569,
                47.8598691
              ],
              [
                9.2457708,
                47.8596279
              ],
              [
                9.2453753,
                47.8599657
              ],
              [
                9.2450881,
                47.860278
              ],
              [
                9.2448562,
                47.8605387
              ],
              [
                9.2444917,
                47.8608408
              ],
              [
                9.2442543,
                47.8610368
              ],
              [
                9.243905,
                47.8612406
              ],
              [
                9.243585,
                47.8613802
              ],
              [
                9.2435201,
                47.8613756
              ],
              [
                9.2434117,
                47.8613516
              ],
              [
                9.2433095,
                47.8613388
              ],
              [
                9.2431127,
                47.8613472
              ],
              [
                9.2427877,
                47.8614093
              ],
              [
                9.2425306,
                47.8614685
              ],
              [
                9.2438272,
                47.8577019
              ],
              [
                9.2435894,
                47.8576312
              ],
              [
                9.2432746,
                47.8575059
              ],
              [
                9.2432209,
                47.8573511
              ],
              [
                9.2432425,
                47.8570428
              ],
              [
                9.2432931,
                47.8566474
              ],
              [
                9.2427988,
                47.856357
              ],
              [
                9.2422506,
                47.8560943
              ],
              [
                9.241655,
                47.8558321
              ],
              [
                9.2422368,
                47.8547543
              ],
              [
                9.2419631,
                47.8546493
              ],
              [
                9.2416797,
                47.8545625
              ],
              [
                9.2413423,
                47.8544991
              ],
              [
                9.241231,
                47.8541858
              ],
              [
                9.2410097,
                47.8539986
              ],
              [
                9.2403609,
                47.8534495
              ],
              [
                9.2400489,
                47.8535851
              ],
              [
                9.2394081,
                47.8530662
              ],
              [
                9.2390399,
                47.85281
              ],
              [
                9.2388618,
                47.8528246
              ],
              [
                9.2386963,
                47.8527589
              ],
              [
                9.238535,
                47.8527458
              ],
              [
                9.2379234,
                47.8529825
              ],
              [
                9.2378902,
                47.8530322
              ],
              [
                9.2379091,
                47.8530958
              ],
              [
                9.2381022,
                47.8531974
              ],
              [
                9.2381386,
                47.8532391
              ],
              [
                9.2380531,
                47.8535073
              ],
              [
                9.2378262,
                47.8538588
              ],
              [
                9.2376757,
                47.8539468
              ],
              [
                9.2370375,
                47.8539732
              ],
              [
                9.2366132,
                47.8540328
              ],
              [
                9.2359104,
                47.8540187
              ],
              [
                9.2352985,
                47.8541844
              ],
              [
                9.2351921,
                47.8544769
              ],
              [
                9.2346686,
                47.8545091
              ],
              [
                9.2344395,
                47.8545827
              ],
              [
                9.2342822,
                47.8547038
              ],
              [
                9.234251,
                47.8547778
              ],
              [
                9.2340875,
                47.8548665
              ],
              [
                9.2338496,
                47.8549386
              ],
              [
                9.2337075,
                47.8550392
              ],
              [
                9.2338009,
                47.8551677
              ],
              [
                9.2337277,
                47.85526
              ],
              [
                9.2334718,
                47.8553454
              ],
              [
                9.2331233,
                47.8552766
              ],
              [
                9.2329708,
                47.8553129
              ],
              [
                9.2325582,
                47.8554706
              ],
              [
                9.2323306,
                47.8554905
              ],
              [
                9.232187,
                47.8555357
              ],
              [
                9.2320126,
                47.8556791
              ],
              [
                9.2316368,
                47.8558676
              ],
              [
                9.230754,
                47.8557467
              ],
              [
                9.2306557,
                47.855698
              ],
              [
                9.2300462,
                47.8557475
              ],
              [
                9.2298041,
                47.8559016
              ],
              [
                9.2294149,
                47.8559754
              ],
              [
                9.2291801,
                47.8559722
              ],
              [
                9.2289187,
                47.8558685
              ],
              [
                9.2285376,
                47.8558882
              ],
              [
                9.2284372,
                47.8559454
              ],
              [
                9.2284352,
                47.8560262
              ],
              [
                9.2281881,
                47.856107
              ],
              [
                9.2278639,
                47.8562687
              ],
              [
                9.2277059,
                47.8563935
              ],
              [
                9.2264237,
                47.856759
              ],
              [
                9.2257447,
                47.856925
              ],
              [
                9.2254547,
                47.8570254
              ],
              [
                9.2253243,
                47.8571394
              ],
              [
                9.2251,
                47.8574881
              ],
              [
                9.2250089,
                47.8575633
              ],
              [
                9.2247639,
                47.8576082
              ],
              [
                9.2247033,
                47.8576937
              ],
              [
                9.2247178,
                47.8578574
              ],
              [
                9.2245913,
                47.8581008
              ],
              [
                9.2244757,
                47.858199
              ],
              [
                9.2238862,
                47.8581851
              ],
              [
                9.2238129,
                47.8582037
              ],
              [
                9.2235122,
                47.8584247
              ],
              [
                9.2234288,
                47.858579
              ],
              [
                9.2233542,
                47.8586687
              ],
              [
                9.2232217,
                47.8586708
              ],
              [
                9.2230596,
                47.8586192
              ],
              [
                9.222899,
                47.8586136
              ],
              [
                9.2228179,
                47.8585851
              ],
              [
                9.2225784,
                47.8586184
              ],
              [
                9.2225328,
                47.8585733
              ],
              [
                9.2225309,
                47.8585193
              ],
              [
                9.2225819,
                47.8584861
              ],
              [
                9.222412,
                47.8584428
              ],
              [
                9.2224146,
                47.8585211
              ],
              [
                9.2223363,
                47.8585761
              ],
              [
                9.2223378,
                47.8586247
              ],
              [
                9.2222577,
                47.858626
              ],
              [
                9.2221249,
                47.8585958
              ],
              [
                9.2221346,
                47.8585274
              ],
              [
                9.222063,
                47.8584818
              ],
              [
                9.2221398,
                47.8584411
              ],
              [
                9.2220502,
                47.8583891
              ],
              [
                9.2220248,
                47.8584178
              ],
              [
                9.2218701,
                47.8584172
              ],
              [
                9.2217725,
                47.8584482
              ],
              [
                9.2215666,
                47.8583473
              ],
              [
                9.2215282,
                47.8582464
              ],
              [
                9.2213747,
                47.8582152
              ],
              [
                9.2212771,
                47.8582462
              ],
              [
                9.2212131,
                47.8582021
              ],
              [
                9.2211342,
                47.8581918
              ],
              [
                9.2208659,
                47.8582301
              ],
              [
                9.2207513,
                47.858159
              ],
              [
                9.2207552,
                47.8581035
              ],
              [
                9.2206461,
                47.8581601
              ],
              [
                9.2204846,
                47.8581471
              ],
              [
                9.2202981,
                47.8581659
              ],
              [
                9.2202845,
                47.858127
              ],
              [
                9.220222,
                47.8580914
              ],
              [
                9.220193,
                47.8581268
              ],
              [
                9.2198332,
                47.8582301
              ],
              [
                9.219831,
                47.8581215
              ],
              [
                9.2197938,
                47.8580552
              ],
              [
                9.2196593,
                47.8579958
              ],
              [
                9.2194514,
                47.8581374
              ],
              [
                9.219422,
                47.8580616
              ],
              [
                9.2193147,
                47.8579692
              ],
              [
                9.2192911,
                47.8578865
              ],
              [
                9.219069,
                47.8578223
              ],
              [
                9.2189948,
                47.8577175
              ],
              [
                9.2188681,
                47.85782
              ],
              [
                9.2186557,
                47.8578266
              ],
              [
                9.2185798,
                47.8578029
              ],
              [
                9.2185703,
                47.8577504
              ],
              [
                9.2186942,
                47.8577162
              ],
              [
                9.218722,
                47.8576138
              ],
              [
                9.2186541,
                47.857584
              ],
              [
                9.2187005,
                47.8574675
              ],
              [
                9.2185901,
                47.8574375
              ],
              [
                9.2185089,
                47.8574504
              ],
              [
                9.2184954,
                47.857298
              ],
              [
                9.2183742,
                47.8573085
              ],
              [
                9.2183542,
                47.8572424
              ],
              [
                9.2182437,
                47.857245
              ],
              [
                9.2182317,
                47.8571728
              ],
              [
                9.2181656,
                47.857101
              ],
              [
                9.2180877,
                47.8571193
              ],
              [
                9.2179411,
                47.8570679
              ],
              [
                9.2179424,
                47.8569856
              ],
              [
                9.2179063,
                47.8569316
              ],
              [
                9.2176826,
                47.8567762
              ],
              [
                9.2174193,
                47.85674
              ],
              [
                9.2172377,
                47.8565374
              ],
              [
                9.2172107,
                47.8564689
              ],
              [
                9.2171014,
                47.8564804
              ],
              [
                9.2170513,
                47.8564342
              ],
              [
                9.2170335,
                47.8563568
              ],
              [
                9.2167877,
                47.8563112
              ],
              [
                9.2166807,
                47.8563204
              ],
              [
                9.2166583,
                47.8562476
              ],
              [
                9.2165421,
                47.8562657
              ],
              [
                9.2164011,
                47.8562131
              ],
              [
                9.2161758,
                47.8562426
              ],
              [
                9.2161487,
                47.8561741
              ],
              [
                9.2160553,
                47.8561701
              ],
              [
                9.2160395,
                47.8561209
              ],
              [
                9.2157945,
                47.8559643
              ],
              [
                9.2157211,
                47.8559423
              ],
              [
                9.2156417,
                47.8560056
              ],
              [
                9.2154477,
                47.8559693
              ],
              [
                9.2152525,
                47.8558606
              ],
              [
                9.2151704,
                47.8558537
              ],
              [
                9.2151058,
                47.8558165
              ],
              [
                9.2150196,
                47.8558172
              ],
              [
                9.214955,
                47.85578
              ],
              [
                9.2148274,
                47.8557742
              ],
              [
                9.2143192,
                47.8555009
              ],
              [
                9.2138538,
                47.8553981
              ],
              [
                9.2136514,
                47.8553101
              ],
              [
                9.2136065,
                47.8552532
              ],
              [
                9.2133898,
                47.8552894
              ],
              [
                9.2131974,
                47.8552207
              ],
              [
                9.213113,
                47.8552131
              ],
              [
                9.2130276,
                47.8551415
              ],
              [
                9.212973,
                47.8550469
              ],
              [
                9.2128643,
                47.8550585
              ],
              [
                9.2127676,
                47.8550245
              ],
              [
                9.2126118,
                47.8549156
              ],
              [
                9.2124137,
                47.854913
              ],
              [
                9.2122511,
                47.8549976
              ],
              [
                9.2120465,
                47.8548926
              ],
              [
                9.2120711,
                47.854792
              ],
              [
                9.2121548,
                47.8546688
              ],
              [
                9.2119229,
                47.8546326
              ],
              [
                9.2119415,
                47.8545769
              ],
              [
                9.2119051,
                47.8544359
              ],
              [
                9.2119437,
                47.8543369
              ],
              [
                9.2117101,
                47.8542064
              ],
              [
                9.2115243,
                47.8540644
              ],
              [
                9.2114512,
                47.8539315
              ],
              [
                9.2113264,
                47.8538683
              ],
              [
                9.2112478,
                47.8539132
              ],
              [
                9.2112141,
                47.8538667
              ],
              [
                9.2110098,
                47.8538031
              ],
              [
                9.2109936,
                47.8537585
              ],
              [
                9.2111161,
                47.853705
              ],
              [
                9.2110533,
                47.8536575
              ],
              [
                9.2108642,
                47.8536582
              ],
              [
                9.2107395,
                47.8535669
              ],
              [
                9.2106601,
                47.8536082
              ],
              [
                9.2104136,
                47.8534739
              ],
              [
                9.2103795,
                47.8534136
              ],
              [
                9.2102969,
                47.8534166
              ],
              [
                9.210211,
                47.8534546
              ],
              [
                9.2101481,
                47.8534303
              ],
              [
                9.2101426,
                47.8533575
              ],
              [
                9.2098135,
                47.8531894
              ],
              [
                9.2096532,
                47.8530601
              ],
              [
                9.209664,
                47.852924
              ],
              [
                9.2092029,
                47.8525393
              ],
              [
                9.209147,
                47.8524349
              ],
              [
                9.2091029,
                47.8524481
              ],
              [
                9.2091136,
                47.8522056
              ],
              [
                9.2091611,
                47.8520851
              ],
              [
                9.2091396,
                47.8518935
              ],
              [
                9.2090457,
                47.8518181
              ],
              [
                9.2089215,
                47.8515891
              ],
              [
                9.2087702,
                47.8514404
              ],
              [
                9.2087583,
                47.8513538
              ],
              [
                9.2086643,
                47.8512795
              ],
              [
                9.2088078,
                47.8511671
              ],
              [
                9.2088106,
                47.8511004
              ],
              [
                9.2087328,
                47.8508866
              ],
              [
                9.2086668,
                47.8508376
              ],
              [
                9.2085977,
                47.8508649
              ],
              [
                9.2084877,
                47.8507332
              ],
              [
                9.2085145,
                47.8505882
              ],
              [
                9.208423,
                47.8504618
              ],
              [
                9.2081817,
                47.8503287
              ],
              [
                9.2082009,
                47.8502868
              ],
              [
                9.2080877,
                47.8502565
              ],
              [
                9.2079864,
                47.8501945
              ],
              [
                9.2080729,
                47.8501423
              ],
              [
                9.2080483,
                47.850063
              ],
              [
                9.2077766,
                47.8499517
              ],
              [
                9.2076501,
                47.8498687
              ],
              [
                9.2075591,
                47.8496991
              ],
              [
                9.2071208,
                47.8494382
              ],
              [
                9.2068649,
                47.8492522
              ],
              [
                9.2068015,
                47.8491689
              ],
              [
                9.2067948,
                47.8491134
              ],
              [
                9.2066033,
                47.8490468
              ],
              [
                9.2066633,
                47.8489376
              ],
              [
                9.2065405,
                47.8488955
              ],
              [
                9.2065951,
                47.8488551
              ],
              [
                9.2065408,
                47.8487497
              ],
              [
                9.2064935,
                47.8487237
              ],
              [
                9.20651,
                47.848697
              ],
              [
                9.2063127,
                47.8481343
              ],
              [
                9.2063034,
                47.8479712
              ],
              [
                9.2063212,
                47.8479175
              ],
              [
                9.2053206,
                47.8477773
              ],
              [
                9.2039145,
                47.8474647
              ],
              [
                9.2035218,
                47.847467
              ],
              [
                9.2035664,
                47.8469397
              ],
              [
                9.203597,
                47.8465769
              ],
              [
                9.2040476,
                47.8463839
              ],
              [
                9.2051967,
                47.8463408
              ],
              [
                9.2052928,
                47.8459897
              ],
              [
                9.2062104,
                47.8460532
              ],
              [
                9.2062033,
                47.8457469
              ],
              [
                9.2060479,
                47.8454077
              ],
              [
                9.2056679,
                47.8452266
              ],
              [
                9.204347,
                47.8450419
              ],
              [
                9.2038189,
                47.84492
              ],
              [
                9.2036961,
                47.8447276
              ],
              [
                9.2029465,
                47.8448059
              ],
              [
                9.2018826,
                47.8447111
              ],
              [
                9.2017796,
                47.8447304
              ],
              [
                9.2017141,
                47.844778
              ],
              [
                9.2016215,
                47.8447026
              ],
              [
                9.2014299,
                47.8446422
              ],
              [
                9.2015239,
                47.844553
              ],
              [
                9.2011063,
                47.8441733
              ],
              [
                9.2009897,
                47.8441684
              ],
              [
                9.2008681,
                47.844215
              ],
              [
                9.2007958,
                47.8441467
              ],
              [
                9.2006432,
                47.8441427
              ],
              [
                9.2003569,
                47.8439807
              ],
              [
                9.2001701,
                47.8439218
              ],
              [
                9.2001868,
                47.8438751
              ],
              [
                9.2000811,
                47.8438648
              ],
              [
                9.2000572,
                47.8438255
              ],
              [
                9.1999709,
                47.8437944
              ],
              [
                9.1998879,
                47.8438045
              ],
              [
                9.1998488,
                47.8437528
              ],
              [
                9.1996242,
                47.8437311
              ],
              [
                9.1996061,
                47.843685
              ],
              [
                9.1996486,
                47.8436565
              ],
              [
                9.1995609,
                47.8436012
              ],
              [
                9.1994986,
                47.843521
              ],
              [
                9.1993853,
                47.8435133
              ],
              [
                9.1992013,
                47.8434427
              ],
              [
                9.1992411,
                47.8433627
              ],
              [
                9.1990201,
                47.8432406
              ],
              [
                9.1988713,
                47.8431976
              ],
              [
                9.1988365,
                47.843121
              ],
              [
                9.1987656,
                47.8430895
              ],
              [
                9.1986769,
                47.8430961
              ],
              [
                9.1985697,
                47.8430719
              ],
              [
                9.1984217,
                47.8430935
              ],
              [
                9.1984,
                47.8429384
              ],
              [
                9.1984434,
                47.8428579
              ],
              [
                9.1983228,
                47.842775
              ],
              [
                9.1981759,
                47.8428345
              ],
              [
                9.1981418,
                47.8428007
              ],
              [
                9.1980688,
                47.8427942
              ],
              [
                9.1979303,
                47.8427183
              ],
              [
                9.1979004,
                47.8426676
              ],
              [
                9.1979629,
                47.8425395
              ],
              [
                9.197885,
                47.8424103
              ],
              [
                9.1976504,
                47.8424689
              ],
              [
                9.1975147,
                47.8424153
              ],
              [
                9.1974184,
                47.8424197
              ],
              [
                9.1973913,
                47.8423374
              ],
              [
                9.1972171,
                47.8422774
              ],
              [
                9.1972257,
                47.8422479
              ],
              [
                9.1971184,
                47.8422533
              ],
              [
                9.1970415,
                47.8422099
              ],
              [
                9.1970117,
                47.8421432
              ],
              [
                9.1968648,
                47.8421488
              ],
              [
                9.1967654,
                47.8420459
              ],
              [
                9.1965256,
                47.8420383
              ],
              [
                9.1965037,
                47.8420046
              ],
              [
                9.196286,
                47.8419301
              ],
              [
                9.1960811,
                47.8419702
              ],
              [
                9.1959748,
                47.8419499
              ],
              [
                9.1958644,
                47.8419818
              ],
              [
                9.1958021,
                47.8419716
              ],
              [
                9.1957248,
                47.8419228
              ],
              [
                9.1954725,
                47.8418785
              ],
              [
                9.1952026,
                47.8419175
              ],
              [
                9.1950563,
                47.8417518
              ],
              [
                9.1948805,
                47.8417812
              ],
              [
                9.1924874,
                47.8418505
              ],
              [
                9.1925087,
                47.8416813
              ],
              [
                9.1923692,
                47.8411591
              ],
              [
                9.1920822,
                47.8405305
              ],
              [
                9.1917458,
                47.8405824
              ],
              [
                9.1913963,
                47.8406363
              ],
              [
                9.1913664,
                47.8406409
              ],
              [
                9.1903588,
                47.8409137
              ],
              [
                9.1897226,
                47.841443
              ],
              [
                9.1893872,
                47.8416572
              ],
              [
                9.1890418,
                47.841918
              ],
              [
                9.1886989,
                47.8423745
              ],
              [
                9.1881972,
                47.8429173
              ],
              [
                9.1873432,
                47.8439569
              ],
              [
                9.1871742,
                47.8442186
              ],
              [
                9.1867174,
                47.845323
              ],
              [
                9.186062,
                47.8464256
              ],
              [
                9.1842646,
                47.8477479
              ],
              [
                9.1839419,
                47.8476014
              ],
              [
                9.1820778,
                47.847066
              ],
              [
                9.1806352,
                47.8467991
              ],
              [
                9.1794836,
                47.8460229
              ],
              [
                9.1794115,
                47.8459743
              ],
              [
                9.1779554,
                47.8452061
              ],
              [
                9.1779093,
                47.8451818
              ],
              [
                9.1758826,
                47.8450332
              ],
              [
                9.1752306,
                47.8439552
              ],
              [
                9.1746177,
                47.8430266
              ],
              [
                9.1735176,
                47.8415033
              ],
              [
                9.1733425,
                47.8413767
              ],
              [
                9.1732997,
                47.8413457
              ],
              [
                9.1713944,
                47.8414036
              ],
              [
                9.1703718,
                47.8410429
              ],
              [
                9.1702297,
                47.8409919
              ]
            ]
          ]
        ]
      },
      "id": "relation/2806623"
    },
    {
      "type": "Feature",
      "properties": {
        "@id": "node/240121137",
        "@relations": [
          {
            "role": "label",
            "rel": 2806623,
            "reltags": {
              "TMC:cid_58:tabcd_1:Class": "Area",
              "TMC:cid_58:tabcd_1:LCLversion": "8.00",
              "TMC:cid_58:tabcd_1:LocationCode": "2792",
              "admin_level": "6",
              "border_type": "county",
              "boundary": "administrative",
              "de:amtlicher_gemeindeschluessel": "08435",
              "de:place": "county",
              "de:regionalschluessel": "08435",
              "license_plate_code": "FN",
              "name": "Bodenseekreis",
              "name:en": "Lake Constance district",
              "name:es": "Distrito de Bodensee",
              "name:fr": "Arrondissement du Lac de Constance",
              "name:ru": "Боденское озеро",
              "ref:nuts:3": "DE147",
              "type": "boundary",
              "wikidata": "Q8228",
              "wikipedia": "de:Bodenseekreis"
            }
          }
        ]
      },
      "geometry": {
        "type": "Point",
        "coordinates": [
          9.3789822,
          47.7145053
        ]
      },
      "id": "node/240121137"
    },
    {
      "type": "Feature",
      "properties": {
        "@id": "node/1934380882",
        "@relations": [
          {
            "role": "admin_centre",
            "rel": 2806623,
            "reltags": {
              "TMC:cid_58:tabcd_1:Class": "Area",
              "TMC:cid_58:tabcd_1:LCLversion": "8.00",
              "TMC:cid_58:tabcd_1:LocationCode": "2792",
              "admin_level": "6",
              "border_type": "county",
              "boundary": "administrative",
              "de:amtlicher_gemeindeschluessel": "08435",
              "de:place": "county",
              "de:regionalschluessel": "08435",
              "license_plate_code": "FN",
              "name": "Bodenseekreis",
              "name:en": "Lake Constance district",
              "name:es": "Distrito de Bodensee",
              "name:fr": "Arrondissement du Lac de Constance",
              "name:ru": "Боденское озеро",
              "ref:nuts:3": "DE147",
              "type": "boundary",
              "wikidata": "Q8228",
              "wikipedia": "de:Bodenseekreis"
            }
          }
        ]
      },
      "geometry": {
        "type": "Point",
        "coordinates": [
          9.4800858,
          47.6500279
        ]
      },
      "id": "node/1934380882"
    }
  ]
}